id,content_type,content_license,attribution_url,title,file_size,checksum_md5,checksum_github,download_url,image_format
1,image/jpg,,,storybook-1-cover,264698,00fc73bc1eeb763f041ed620247a5668,,https://raw.githubusercontent.com/elimu-ai/webapp-lfs/main/lang-THA/images/1_r1.jpg,JPG
2,image/jpg,,,storybook-1-ch-1,479300,afedcc7c8593eb04c9f17934d057f746,,https://raw.githubusercontent.com/elimu-ai/webapp-lfs/main/lang-THA/images/2_r1.jpg,JPG
3,image/jpg,,,storybook-1-ch-2,405550,ec5624f6083637179aa7d0f5eddb16d2,,https://raw.githubusercontent.com/elimu-ai/webapp-lfs/main/lang-THA/images/3_r1.jpg,JPG
4,image/jpg,,,storybook-1-ch-3,305017,f976941b968bd788fa999181da1049ef,,https://raw.githubusercontent.com/elimu-ai/webapp-lfs/main/lang-THA/images/4_r1.jpg,JPG
5,image/jpg,,,storybook-1-ch-4,562642,f2e8e3a29b58c949be454d988c4ff817,,https://raw.githubusercontent.com/elimu-ai/webapp-lfs/main/lang-THA/images/5_r1.jpg,JPG
6,image/jpg,,,storybook-1-ch-5,608470,8d57a90c2b215ad8dc040aebd450f3e2,,https://raw.githubusercontent.com/elimu-ai/webapp-lfs/main/lang-THA/images/6_r1.jpg,JPG
7,image/jpg,,,storybook-1-ch-6,594879,50a93f81c68c3427079f18a8346b16e1,,https://raw.githubusercontent.com/elimu-ai/webapp-lfs/main/lang-THA/images/7_r1.jpg,JPG
8,image/jpg,,,storybook-1-ch-7,640893,db55ffa9eb014e6d18d1789fd4293480,,https://raw.githubusercontent.com/elimu-ai/webapp-lfs/main/lang-THA/images/8_r1.jpg,JPG
9,image/jpg,,,storybook-1-ch-8,457811,2311c0147c23dfcbad9c9f201e36acaa,,https://raw.githubusercontent.com/elimu-ai/webapp-lfs/main/lang-THA/images/9_r1.jpg,JPG
10,image/jpg,,,storybook-1-ch-9,678507,6894ae51e43e692c815622d6565d8a89,,https://raw.githubusercontent.com/elimu-ai/webapp-lfs/main/lang-THA/images/10_r1.jpg,JPG
11,image/jpg,,,storybook-1-ch-10,457679,c417aa7d661e99c0235e9ec00e6f50db,,https://raw.githubusercontent.com/elimu-ai/webapp-lfs/main/lang-THA/images/11_r1.jpg,JPG
12,image/jpg,,,storybook-1-ch-11,565789,6dc6067cd5b22a55e7c454c152d2b70a,,https://raw.githubusercontent.com/elimu-ai/webapp-lfs/main/lang-THA/images/12_r1.jpg,JPG
13,image/jpg,,,storybook-1-ch-12,313896,25e37aed20f90114bed203b192b977b8,,https://raw.githubusercontent.com/elimu-ai/webapp-lfs/main/lang-THA/images/13_r1.jpg,JPG
14,image/png,,,storybook-2-cover,248059,c83791a38967f1790620616b40cf350f,,https://raw.githubusercontent.com/elimu-ai/webapp-lfs/main/lang-THA/images/14_r1.png,PNG
15,image/jpg,,,storybook-2-ch-1,197351,c80e82c9285f7485f92599876f1ac156,,https://raw.githubusercontent.com/elimu-ai/webapp-lfs/main/lang-THA/images/15_r1.jpg,JPG
16,image/jpg,,,storybook-2-ch-2,113783,7e95f9a028bd1dc2994f01082a9c891a,,https://raw.githubusercontent.com/elimu-ai/webapp-lfs/main/lang-THA/images/16_r1.jpg,JPG
17,image/jpg,,,storybook-2-ch-3,232105,a17db3f390715efe67eccae15de3673f,,https://raw.githubusercontent.com/elimu-ai/webapp-lfs/main/lang-THA/images/17_r1.jpg,JPG
18,image/jpg,,,storybook-2-ch-4,325495,f9cb49007acea46f3438179ac7124c14,,https://raw.githubusercontent.com/elimu-ai/webapp-lfs/main/lang-THA/images/18_r1.jpg,JPG
19,image/jpg,,,storybook-2-ch-5,128537,2bb6041d700a8eeb9fa091b64f5582af,,https://raw.githubusercontent.com/elimu-ai/webapp-lfs/main/lang-THA/images/19_r1.jpg,JPG
20,image/jpg,,,storybook-2-ch-6,221000,6c7eddb8996622d05b08528e7463f0a5,,https://raw.githubusercontent.com/elimu-ai/webapp-lfs/main/lang-THA/images/20_r1.jpg,JPG
21,image/jpg,,,storybook-2-ch-7,281284,e2503b4e4af63116c8fe80846a1f9e92,,https://raw.githubusercontent.com/elimu-ai/webapp-lfs/main/lang-THA/images/21_r1.jpg,JPG
22,image/jpg,,,storybook-2-ch-8,250158,5fb017f56aade72697ae600eff08f6c6,,https://raw.githubusercontent.com/elimu-ai/webapp-lfs/main/lang-THA/images/22_r1.jpg,JPG
23,image/jpg,,,storybook-2-ch-9,235362,e7da3b18b79bd7104cf595fdd0242b76,,https://raw.githubusercontent.com/elimu-ai/webapp-lfs/main/lang-THA/images/23_r1.jpg,JPG
24,image/jpg,,,storybook-2-ch-10,276778,8822386aaf4a9820491cca569524fbd5,,https://raw.githubusercontent.com/elimu-ai/webapp-lfs/main/lang-THA/images/24_r1.jpg,JPG
25,image/jpg,,,storybook-2-ch-11,211991,4c6f7a6d544b0ff1a84a8328ae4ddcb8,,https://raw.githubusercontent.com/elimu-ai/webapp-lfs/main/lang-THA/images/25_r1.jpg,JPG
26,image/jpg,,,storybook-3-cover,818718,fffeae409eb5b87535b1b13bcb657ca2,,https://raw.githubusercontent.com/elimu-ai/webapp-lfs/main/lang-THA/images/26_r1.jpg,JPG
27,image/jpg,,,storybook-3-ch-1,67894,bf445e60c84330bf5af9dba6bfc72e2f,,https://raw.githubusercontent.com/elimu-ai/webapp-lfs/main/lang-THA/images/27_r1.jpg,JPG
28,image/jpg,,,storybook-3-ch-2,82475,ced94fdb951ca7797375727bc1a66e5f,,https://raw.githubusercontent.com/elimu-ai/webapp-lfs/main/lang-THA/images/28_r1.jpg,JPG
29,image/jpg,,,storybook-3-ch-3,94768,fb5732b654323a885f6403316970f322,,https://raw.githubusercontent.com/elimu-ai/webapp-lfs/main/lang-THA/images/29_r1.jpg,JPG
30,image/jpg,,,storybook-3-ch-4,75979,72d1d5a56ed179a2f06e4f8f0bc4cb3a,,https://raw.githubusercontent.com/elimu-ai/webapp-lfs/main/lang-THA/images/30_r1.jpg,JPG
31,image/jpg,,,storybook-3-ch-5,65958,ec112bf1fdd643bdb7f18e67419d2a9b,,https://raw.githubusercontent.com/elimu-ai/webapp-lfs/main/lang-THA/images/31_r1.jpg,JPG
32,image/jpg,,,storybook-3-ch-6,87736,bf1fea47573eda9d3d58b3f5203e2fcb,,https://raw.githubusercontent.com/elimu-ai/webapp-lfs/main/lang-THA/images/32_r1.jpg,JPG
33,image/jpg,,,storybook-3-ch-7,131133,d3e3d3e62b9ccf9024cf0dd8646bfc66,,https://raw.githubusercontent.com/elimu-ai/webapp-lfs/main/lang-THA/images/33_r1.jpg,JPG
34,image/jpg,,,storybook-4-cover,203311,6ee9aba189f750c7bda44c0fc924c3f7,,https://raw.githubusercontent.com/elimu-ai/webapp-lfs/main/lang-THA/images/34_r1.jpg,JPG
35,image/jpg,,,storybook-4-ch-1,80047,1ad0d129d6f96d3cec2a6b30ae672ede,,https://raw.githubusercontent.com/elimu-ai/webapp-lfs/main/lang-THA/images/35_r1.jpg,JPG
36,image/jpg,,,storybook-4-ch-2,116074,7e291006407c19d596f86f82e1a524a8,,https://raw.githubusercontent.com/elimu-ai/webapp-lfs/main/lang-THA/images/36_r1.jpg,JPG
37,image/jpg,,,storybook-4-ch-3,147281,dcfbd4711f452a27955d9d18aa2861bb,,https://raw.githubusercontent.com/elimu-ai/webapp-lfs/main/lang-THA/images/37_r1.jpg,JPG
38,image/jpg,,,storybook-4-ch-4,186302,0e6636767fc5c174f5f7c503cb07de7a,,https://raw.githubusercontent.com/elimu-ai/webapp-lfs/main/lang-THA/images/38_r1.jpg,JPG
39,image/jpg,,,storybook-4-ch-5,149327,80830320f8c25f823d5baa9496607642,,https://raw.githubusercontent.com/elimu-ai/webapp-lfs/main/lang-THA/images/39_r1.jpg,JPG
40,image/jpg,,,storybook-4-ch-6,178676,6fdd133f35fc3313ba9193e69c14936d,,https://raw.githubusercontent.com/elimu-ai/webapp-lfs/main/lang-THA/images/40_r1.jpg,JPG
41,image/jpg,,,storybook-4-ch-7,67844,0f013ee0192c377a6b28befa7673ecbc,,https://raw.githubusercontent.com/elimu-ai/webapp-lfs/main/lang-THA/images/41_r1.jpg,JPG
42,image/png,,,storybook-5-cover,122184,8675a5be1bea4a62ec4e4d5eb90525ba,,https://raw.githubusercontent.com/elimu-ai/webapp-lfs/main/lang-THA/images/42_r1.png,PNG
43,image/png,,,storybook-5-ch-1,103148,1aba4cd2bc4224385bc4866a18823092,,https://raw.githubusercontent.com/elimu-ai/webapp-lfs/main/lang-THA/images/43_r1.png,PNG
44,image/png,,,storybook-5-ch-2,122184,8675a5be1bea4a62ec4e4d5eb90525ba,,https://raw.githubusercontent.com/elimu-ai/webapp-lfs/main/lang-THA/images/44_r1.png,PNG
45,image/png,,,storybook-5-ch-3,113264,f86acf3ef7b0bb33451e6ca061ab69b1,,https://raw.githubusercontent.com/elimu-ai/webapp-lfs/main/lang-THA/images/45_r1.png,PNG
46,image/png,,,storybook-5-ch-4,140233,6ce47c64c0ce7dcd7ed6c2e108b87ad2,,https://raw.githubusercontent.com/elimu-ai/webapp-lfs/main/lang-THA/images/46_r1.png,PNG
47,image/png,,,storybook-5-ch-5,114820,c39dbb268f4be1ff17132514c5e05fb7,,https://raw.githubusercontent.com/elimu-ai/webapp-lfs/main/lang-THA/images/47_r1.png,PNG
48,image/png,,,storybook-5-ch-6,117389,8360b7c2789812508000b9bc94229723,,https://raw.githubusercontent.com/elimu-ai/webapp-lfs/main/lang-THA/images/48_r1.png,PNG
49,image/png,,,storybook-5-ch-7,136360,d7274492f78139b06a28a1bafd2e1b46,,https://raw.githubusercontent.com/elimu-ai/webapp-lfs/main/lang-THA/images/49_r1.png,PNG
50,image/png,,,storybook-5-ch-8,134317,d93e3844d72b998022b5f0cfc8386664,,https://raw.githubusercontent.com/elimu-ai/webapp-lfs/main/lang-THA/images/50_r1.png,PNG
51,image/png,,,storybook-5-ch-9,207606,5bca595050d370cf6e8b607a6b53f543,,https://raw.githubusercontent.com/elimu-ai/webapp-lfs/main/lang-THA/images/51_r1.png,PNG
52,image/png,,,storybook-5-ch-10,198107,b0e20cf9c96efaa2d8d28da99915d28b,,https://raw.githubusercontent.com/elimu-ai/webapp-lfs/main/lang-THA/images/52_r1.png,PNG
53,image/png,,,storybook-5-ch-11,133252,cf20ba32bc7b29c689901ae7701cb03c,,https://raw.githubusercontent.com/elimu-ai/webapp-lfs/main/lang-THA/images/53_r1.png,PNG
54,image/png,,,storybook-5-ch-12,199069,cc6c8174b1131c893f07c74e3252206b,,https://raw.githubusercontent.com/elimu-ai/webapp-lfs/main/lang-THA/images/54_r1.png,PNG
55,image/png,,,storybook-5-ch-13,87539,7f2a5a547257f8b045cd7763621dc162,,https://raw.githubusercontent.com/elimu-ai/webapp-lfs/main/lang-THA/images/55_r1.png,PNG
56,image/png,,,storybook-5-ch-14,201972,d1a176f312159792358a634dcf628590,,https://raw.githubusercontent.com/elimu-ai/webapp-lfs/main/lang-THA/images/56_r1.png,PNG
57,image/png,,,storybook-6-cover,89241,350a5ae9bbcd06996010ceb4fcb7b515,,https://raw.githubusercontent.com/elimu-ai/webapp-lfs/main/lang-THA/images/57_r1.png,PNG
58,image/jpg,,,storybook-6-ch-1,101360,26f00c8abdd6d130d1ef5cd21cb02db7,,https://raw.githubusercontent.com/elimu-ai/webapp-lfs/main/lang-THA/images/58_r1.jpg,JPG
59,image/jpg,,,storybook-6-ch-2,105275,d6c89e7bbaeed47a11e670525a9335ea,,https://raw.githubusercontent.com/elimu-ai/webapp-lfs/main/lang-THA/images/59_r1.jpg,JPG
60,image/jpg,,,storybook-6-ch-3,104675,14e214e0b99c64a77368e1300fd553c1,,https://raw.githubusercontent.com/elimu-ai/webapp-lfs/main/lang-THA/images/60_r1.jpg,JPG
61,image/jpg,,,storybook-6-ch-4,103137,1fe506b69407d3d0627b4790717b13d5,,https://raw.githubusercontent.com/elimu-ai/webapp-lfs/main/lang-THA/images/61_r1.jpg,JPG
62,image/jpg,,,storybook-6-ch-5,111380,1da7229c09f2e8bf1960011ac1b93bf2,,https://raw.githubusercontent.com/elimu-ai/webapp-lfs/main/lang-THA/images/62_r1.jpg,JPG
63,image/jpg,,,storybook-6-ch-6,107824,cbde5015e5adf23ac9e218075b7737d2,,https://raw.githubusercontent.com/elimu-ai/webapp-lfs/main/lang-THA/images/63_r1.jpg,JPG
64,image/jpg,,,storybook-6-ch-7,112172,12630be74875b9a29bd29d344e71992f,,https://raw.githubusercontent.com/elimu-ai/webapp-lfs/main/lang-THA/images/64_r1.jpg,JPG
65,image/jpg,,,storybook-6-ch-8,116464,ed5176633a1e5d814409fa8c38fd8038,,https://raw.githubusercontent.com/elimu-ai/webapp-lfs/main/lang-THA/images/65_r1.jpg,JPG
66,image/jpg,,,storybook-6-ch-9,102251,f53e5ed56d9841d049bd6d31409cfc05,,https://raw.githubusercontent.com/elimu-ai/webapp-lfs/main/lang-THA/images/66_r1.jpg,JPG
67,image/jpg,,,storybook-6-ch-10,120659,8f4128f102f83dad7a5c70f2103041e1,,https://raw.githubusercontent.com/elimu-ai/webapp-lfs/main/lang-THA/images/67_r1.jpg,JPG
68,image/jpg,,,storybook-6-ch-11,119560,2c87b6d39132a1411b9949e4b0c9c6e7,,https://raw.githubusercontent.com/elimu-ai/webapp-lfs/main/lang-THA/images/68_r1.jpg,JPG
69,image/jpg,,,storybook-6-ch-12,60236,7d4376d70a2c6e68c180a831b928a265,,https://raw.githubusercontent.com/elimu-ai/webapp-lfs/main/lang-THA/images/69_r1.jpg,JPG
70,image/jpg,,,storybook-6-ch-13,77455,c1216dee561bbdf53a763940a455b437,,https://raw.githubusercontent.com/elimu-ai/webapp-lfs/main/lang-THA/images/70_r1.jpg,JPG
71,image/jpg,,,storybook-6-ch-14,64669,e31d459e1a8b1ed28c5db04baaab8e4f,,https://raw.githubusercontent.com/elimu-ai/webapp-lfs/main/lang-THA/images/71_r1.jpg,JPG
72,image/jpg,,,storybook-6-ch-15,104579,9ae148d572faafcf8072f4cbf4848330,,https://raw.githubusercontent.com/elimu-ai/webapp-lfs/main/lang-THA/images/72_r1.jpg,JPG
73,image/jpg,,,storybook-6-ch-16,66361,77009af0475cdd8e0eed5ceac7e38b6c,,https://raw.githubusercontent.com/elimu-ai/webapp-lfs/main/lang-THA/images/73_r1.jpg,JPG
74,image/jpg,,,storybook-6-ch-17,69020,1550c84369fda540784ab8a03924f95c,,https://raw.githubusercontent.com/elimu-ai/webapp-lfs/main/lang-THA/images/74_r1.jpg,JPG
75,image/jpg,,,storybook-6-ch-18,70737,a36c596bdf450c2a4ad8c2ecf1af5ad5,,https://raw.githubusercontent.com/elimu-ai/webapp-lfs/main/lang-THA/images/75_r1.jpg,JPG
76,image/jpg,,,storybook-6-ch-19,121804,19309530adbf0867608909a64033d130,,https://raw.githubusercontent.com/elimu-ai/webapp-lfs/main/lang-THA/images/76_r1.jpg,JPG
77,image/jpg,,,storybook-6-ch-20,82264,269049fb6c1b4c9745706b801f619e1f,,https://raw.githubusercontent.com/elimu-ai/webapp-lfs/main/lang-THA/images/77_r1.jpg,JPG
78,image/jpg,,,storybook-7-cover,2885529,c2a31389c8269cb9188dd2ae7ea05a96,,https://raw.githubusercontent.com/elimu-ai/webapp-lfs/main/lang-THA/images/78_r1.jpg,JPG
79,image/jpg,,,storybook-7-ch-1,670433,f91b406fe5859b3bcd9cee91f6ed2f70,,https://raw.githubusercontent.com/elimu-ai/webapp-lfs/main/lang-THA/images/79_r1.jpg,JPG
80,image/jpg,,,storybook-8-cover,774573,9a0837a831a9d2c2c9e014f1cf051e0f,,https://raw.githubusercontent.com/elimu-ai/webapp-lfs/main/lang-THA/images/80_r1.jpg,JPG
81,image/jpg,,,storybook-8-ch-1,207986,f10f7203dfcdfe36ade44f4b4d40faf9,,https://raw.githubusercontent.com/elimu-ai/webapp-lfs/main/lang-THA/images/81_r1.jpg,JPG
82,image/jpg,,,storybook-8-ch-2,136011,08c2366d0fc20213909c274d36336c3b,,https://raw.githubusercontent.com/elimu-ai/webapp-lfs/main/lang-THA/images/82_r1.jpg,JPG
83,image/jpg,,,storybook-8-ch-3,126465,e80a36b7386339a8283934412fe8654a,,https://raw.githubusercontent.com/elimu-ai/webapp-lfs/main/lang-THA/images/83_r1.jpg,JPG
84,image/jpg,,,storybook-8-ch-4,104536,cf50e870f0fc9c6c89bc5aa3511490ff,,https://raw.githubusercontent.com/elimu-ai/webapp-lfs/main/lang-THA/images/84_r1.jpg,JPG
85,image/jpg,,,storybook-8-ch-5,127029,fe251e0d910a50a8039467513588f4de,,https://raw.githubusercontent.com/elimu-ai/webapp-lfs/main/lang-THA/images/85_r1.jpg,JPG
86,image/jpg,,,storybook-8-ch-6,125530,d95bbb7f181ad00de54fcddacf6e3c4c,,https://raw.githubusercontent.com/elimu-ai/webapp-lfs/main/lang-THA/images/86_r1.jpg,JPG
87,image/jpg,,,storybook-8-ch-7,160069,21fc9f386c6e712f0e93737faaf9e5c9,,https://raw.githubusercontent.com/elimu-ai/webapp-lfs/main/lang-THA/images/87_r1.jpg,JPG
88,image/jpg,,,storybook-8-ch-8,140794,34a411c30740d40cef487d37362e2c46,,https://raw.githubusercontent.com/elimu-ai/webapp-lfs/main/lang-THA/images/88_r1.jpg,JPG
89,image/jpg,,,storybook-8-ch-9,162036,c08f608d9106863f045d5c281154a4c4,,https://raw.githubusercontent.com/elimu-ai/webapp-lfs/main/lang-THA/images/89_r1.jpg,JPG
90,image/jpg,,,storybook-8-ch-10,146605,9dd0ac11786e24da5635a0fc6842e25d,,https://raw.githubusercontent.com/elimu-ai/webapp-lfs/main/lang-THA/images/90_r1.jpg,JPG
91,image/jpg,,,storybook-8-ch-11,99334,daad3d1910a9994287b82e0d99aab9cf,,https://raw.githubusercontent.com/elimu-ai/webapp-lfs/main/lang-THA/images/91_r1.jpg,JPG
92,image/jpg,,,storybook-8-ch-12,121455,cb916de9b85fa6efcc23c6143d3fc42f,,https://raw.githubusercontent.com/elimu-ai/webapp-lfs/main/lang-THA/images/92_r1.jpg,JPG
93,image/jpg,,,storybook-9-cover,956582,8f5a49a2b26eeadd1aec06fd18628766,,https://raw.githubusercontent.com/elimu-ai/webapp-lfs/main/lang-THA/images/93_r1.jpg,JPG
94,image/jpg,,,storybook-9-ch-1,130062,43cc24fd41680ae6b068e5d756764852,,https://raw.githubusercontent.com/elimu-ai/webapp-lfs/main/lang-THA/images/94_r1.jpg,JPG
95,image/jpg,,,storybook-9-ch-2,103927,3d9444d491c5f60bc79baf64013430ab,,https://raw.githubusercontent.com/elimu-ai/webapp-lfs/main/lang-THA/images/95_r1.jpg,JPG
96,image/jpg,,,storybook-9-ch-3,93681,386e024874b48b78f78c32e1081f9935,,https://raw.githubusercontent.com/elimu-ai/webapp-lfs/main/lang-THA/images/96_r1.jpg,JPG
97,image/jpg,,,storybook-9-ch-4,115191,02ccf317719205a6cc2a782b90a1cc07,,https://raw.githubusercontent.com/elimu-ai/webapp-lfs/main/lang-THA/images/97_r1.jpg,JPG
98,image/jpg,,,storybook-9-ch-5,145131,c6c48ac3adffda705a0f1b6386e8f8d6,,https://raw.githubusercontent.com/elimu-ai/webapp-lfs/main/lang-THA/images/98_r1.jpg,JPG
99,image/jpg,,,storybook-9-ch-6,108186,670710342fe40091b0886e678df8ce53,,https://raw.githubusercontent.com/elimu-ai/webapp-lfs/main/lang-THA/images/99_r1.jpg,JPG
100,image/jpg,,,storybook-9-ch-7,91482,a027ca0a6bf746ed0d5724cf7fc8c37a,,https://raw.githubusercontent.com/elimu-ai/webapp-lfs/main/lang-THA/images/100_r1.jpg,JPG
101,image/jpg,,,storybook-9-ch-8,108500,ac7623d81a692e560efa2122ee1c2486,,https://raw.githubusercontent.com/elimu-ai/webapp-lfs/main/lang-THA/images/101_r1.jpg,JPG
102,image/jpg,,,storybook-9-ch-9,84571,10fb75f33d5f42b020e1990c7c89236a,,https://raw.githubusercontent.com/elimu-ai/webapp-lfs/main/lang-THA/images/102_r1.jpg,JPG
103,image/jpg,,,storybook-10-cover,153146,96997a02887e38149b2156fcb343286f,,https://raw.githubusercontent.com/elimu-ai/webapp-lfs/main/lang-THA/images/103_r1.jpg,JPG
104,image/jpg,,,storybook-10-ch-1,159669,b632bfca0deea9245e9082916e9afa94,,https://raw.githubusercontent.com/elimu-ai/webapp-lfs/main/lang-THA/images/104_r1.jpg,JPG
105,image/jpg,,,storybook-10-ch-2,118867,e545ba6f4a7e852686ed449b42c3bdbd,,https://raw.githubusercontent.com/elimu-ai/webapp-lfs/main/lang-THA/images/105_r1.jpg,JPG
106,image/jpg,,,storybook-10-ch-3,121173,42636370794e75adf06babc7354bb7fa,,https://raw.githubusercontent.com/elimu-ai/webapp-lfs/main/lang-THA/images/106_r1.jpg,JPG
107,image/jpg,,,storybook-10-ch-4,96037,e66ca0fd16b4778c277937a722acec1a,,https://raw.githubusercontent.com/elimu-ai/webapp-lfs/main/lang-THA/images/107_r1.jpg,JPG
108,image/jpg,,,storybook-10-ch-5,103538,7081a1dbf4f4a1e898595425263da95d,,https://raw.githubusercontent.com/elimu-ai/webapp-lfs/main/lang-THA/images/108_r1.jpg,JPG
109,image/jpg,,,storybook-10-ch-6,98204,0b1ceb185f20e9560dfa908ac214192c,,https://raw.githubusercontent.com/elimu-ai/webapp-lfs/main/lang-THA/images/109_r1.jpg,JPG
110,image/jpg,,,storybook-10-ch-7,84742,8eec9344fee4acf257830b7a5922d274,,https://raw.githubusercontent.com/elimu-ai/webapp-lfs/main/lang-THA/images/110_r1.jpg,JPG
111,image/jpg,,,storybook-10-ch-8,130012,0d4c7ee7e06347386d2d3f888452898d,,https://raw.githubusercontent.com/elimu-ai/webapp-lfs/main/lang-THA/images/111_r1.jpg,JPG
112,image/jpg,,,storybook-10-ch-9,115667,80e254fa41a3c5b0912a8ea89e69b8b0,,https://raw.githubusercontent.com/elimu-ai/webapp-lfs/main/lang-THA/images/112_r1.jpg,JPG
113,image/jpg,,,storybook-10-ch-10,167945,7aff9827fa168c3a4989e7d9ab7a423b,,https://raw.githubusercontent.com/elimu-ai/webapp-lfs/main/lang-THA/images/113_r1.jpg,JPG
114,image/jpg,,,storybook-10-ch-11,153146,96997a02887e38149b2156fcb343286f,,https://raw.githubusercontent.com/elimu-ai/webapp-lfs/main/lang-THA/images/114_r1.jpg,JPG
115,image/jpg,,,storybook-10-ch-12,85329,b1f89ba9f73d1a77a722d3c1604d6b83,,https://raw.githubusercontent.com/elimu-ai/webapp-lfs/main/lang-THA/images/115_r1.jpg,JPG
116,image/jpg,,,storybook-10-ch-13,132843,ea2aab7fc2825558d1e8873b3a47118c,,https://raw.githubusercontent.com/elimu-ai/webapp-lfs/main/lang-THA/images/116_r1.jpg,JPG
117,image/jpg,,,storybook-10-ch-14,89749,d57bd9188fb92492ce9fdedb765396a1,,https://raw.githubusercontent.com/elimu-ai/webapp-lfs/main/lang-THA/images/117_r1.jpg,JPG
118,image/jpg,,,storybook-10-ch-15,118497,6108eb80647f3a094fe774e2dad2e2fd,,https://raw.githubusercontent.com/elimu-ai/webapp-lfs/main/lang-THA/images/118_r1.jpg,JPG
119,image/jpg,,,storybook-10-ch-16,138459,a04352d1dc411c6bb8efce8eb1ef6dc9,,https://raw.githubusercontent.com/elimu-ai/webapp-lfs/main/lang-THA/images/119_r1.jpg,JPG
120,image/jpg,,,storybook-10-ch-17,164037,f9579d47139721e1cf09ff09f3afe947,,https://raw.githubusercontent.com/elimu-ai/webapp-lfs/main/lang-THA/images/120_r1.jpg,JPG
121,image/jpg,,,storybook-10-ch-18,146804,b5810f43a4b386e048f4dc78377a555e,,https://raw.githubusercontent.com/elimu-ai/webapp-lfs/main/lang-THA/images/121_r1.jpg,JPG
122,image/jpg,,,storybook-10-ch-19,106062,b47088e7f89c7517681cde1746a2f2dc,,https://raw.githubusercontent.com/elimu-ai/webapp-lfs/main/lang-THA/images/122_r1.jpg,JPG
123,image/jpg,,,แก็บปูเต้นไม่เป็น ( Gappu Can't Dance)_cover,146326,43fa50c535305c1dc59c8212d889766c,00bf84e64f4cdb85c12c3ebccd16b31e6a2fc60d,https://raw.githubusercontent.com/elimu-ai/webapp-lfs/main/lang-THA/images/43fa50c535305c1dc59c8212d889766c.jpg,JPG
124,image/jpg,,,แก็บปูเต้นไม่เป็น ( Gappu Can't Dance)_ch-1,146326,43fa50c535305c1dc59c8212d889766c,00bf84e64f4cdb85c12c3ebccd16b31e6a2fc60d,https://raw.githubusercontent.com/elimu-ai/webapp-lfs/main/lang-THA/images/43fa50c535305c1dc59c8212d889766c.jpg,JPG
125,image/gif,,,แก็บปูเต้นไม่เป็น ( Gappu Can't Dance)_ch-2,1880872,45a5535d8619127b689716c88fb1137f,8723956c8555ea7f6e3fbcc6dd9d98ddb6663385,https://raw.githubusercontent.com/elimu-ai/webapp-lfs/main/lang-THA/images/45a5535d8619127b689716c88fb1137f.gif,GIF
126,image/gif,,,แก็บปูเต้นไม่เป็น ( Gappu Can't Dance)_ch-3,1725394,be5b61551dfef384716e044b97299846,d516eb6bb42f5f4ba7b8fa6e82bbae1716763937,https://raw.githubusercontent.com/elimu-ai/webapp-lfs/main/lang-THA/images/be5b61551dfef384716e044b97299846.gif,GIF
127,image/gif,,,แก็บปูเต้นไม่เป็น ( Gappu Can't Dance)_ch-4,2072977,ba8874281965bc51236a53411ec74102,d273ce4bc6e72f9527fcc5f603bfb802691d0d45,https://raw.githubusercontent.com/elimu-ai/webapp-lfs/main/lang-THA/images/ba8874281965bc51236a53411ec74102.gif,GIF
128,image/gif,,,แก็บปูเต้นไม่เป็น ( Gappu Can't Dance)_ch-5,2026407,c584f8fa606b5af6b0439f2c3499fdc6,aeef15055b33bbe05fef7098e597b87146ebf8c2,https://raw.githubusercontent.com/elimu-ai/webapp-lfs/main/lang-THA/images/c584f8fa606b5af6b0439f2c3499fdc6.gif,GIF
129,image/gif,,,แก็บปูเต้นไม่เป็น ( Gappu Can't Dance)_ch-6,1317768,40de5b0ea780b9616e6ddf95a7a984e5,f9672c1750868ce635d458186f7122bed22245a3,https://raw.githubusercontent.com/elimu-ai/webapp-lfs/main/lang-THA/images/40de5b0ea780b9616e6ddf95a7a984e5.gif,GIF
130,image/gif,,,แก็บปูเต้นไม่เป็น ( Gappu Can't Dance)_ch-7,1897103,8449684f5060b504e641ce6290ed8413,a3eaeae7ff74485f1872aaaadd8b7b9923eb6289,https://raw.githubusercontent.com/elimu-ai/webapp-lfs/main/lang-THA/images/8449684f5060b504e641ce6290ed8413.gif,GIF
131,image/gif,,,แก็บปูเต้นไม่เป็น ( Gappu Can't Dance)_ch-8,2027162,a4a4e6f494bfd59fe5732f8ece45eb03,cf79026b418c8f2236cd3693ecb210a99512b04c,https://raw.githubusercontent.com/elimu-ai/webapp-lfs/main/lang-THA/images/a4a4e6f494bfd59fe5732f8ece45eb03.gif,GIF
132,image/gif,,,แก็บปูเต้นไม่เป็น ( Gappu Can't Dance)_ch-9,2065246,3f5a009f6bdbff4ee57cbcfd08fb3f47,11cac7cdaf825d6c78926b332cd3324ab6cc978a,https://raw.githubusercontent.com/elimu-ai/webapp-lfs/main/lang-THA/images/3f5a009f6bdbff4ee57cbcfd08fb3f47.gif,GIF
133,image/gif,,,แก็บปูเต้นไม่เป็น ( Gappu Can't Dance)_ch-10,1780414,c389b68013d1292098914952bc27be04,ab69cc60f07f11e44484ce9d0989737483671ab6,https://raw.githubusercontent.com/elimu-ai/webapp-lfs/main/lang-THA/images/c389b68013d1292098914952bc27be04.gif,GIF
134,image/gif,,,แก็บปูเต้นไม่เป็น ( Gappu Can't Dance)_ch-11,5353505,c2129395e0499e0c0b29780041e18d2a,03d0ecdddce47225125956de4d5221c59c1ef1f7,https://raw.githubusercontent.com/elimu-ai/webapp-lfs/main/lang-THA/images/c2129395e0499e0c0b29780041e18d2a.gif,GIF
135,image/gif,,,แก็บปูเต้นไม่เป็น ( Gappu Can't Dance)_ch-12,1962450,163dcf4ab4e246b1d39343d7ed23ee8a,7000282ee84632391d9ed077bc62b8a9f5d194a8,https://raw.githubusercontent.com/elimu-ai/webapp-lfs/main/lang-THA/images/163dcf4ab4e246b1d39343d7ed23ee8a.gif,GIF
136,image/gif,,,แก็บปูเต้นไม่เป็น ( Gappu Can't Dance)_ch-13,5041203,dfd887d3be21b0e49b6baec4832aae84,84b328528fd9b2fd1d1e13c9db6f7c39ec62aae9,https://raw.githubusercontent.com/elimu-ai/webapp-lfs/main/lang-THA/images/dfd887d3be21b0e49b6baec4832aae84.gif,GIF
137,image/jpg,,,นิทานคำกลอน มดจอมขยัน_cover,111974,bff40cbfd9177e00b549964c72dbee7c,adf3029335996801949f55595d705da22616760e,https://raw.githubusercontent.com/elimu-ai/webapp-lfs/main/lang-THA/images/bff40cbfd9177e00b549964c72dbee7c.jpg,JPG
138,image/jpg,,,นิทานคำกลอน มดจอมขยัน_ch-1,111974,bff40cbfd9177e00b549964c72dbee7c,adf3029335996801949f55595d705da22616760e,https://raw.githubusercontent.com/elimu-ai/webapp-lfs/main/lang-THA/images/bff40cbfd9177e00b549964c72dbee7c.jpg,JPG
139,image/jpg,,,นิทานคำกลอน มดจอมขยัน_ch-2,58307,e5da457db9328695f8be30421b182cac,8e83dd9a001bc1af7dfc2e92e2a7f6da66c8bee8,https://raw.githubusercontent.com/elimu-ai/webapp-lfs/main/lang-THA/images/e5da457db9328695f8be30421b182cac.jpg,JPG
140,image/jpg,,,นิทานคำกลอน มดจอมขยัน_ch-3,86322,72bbc139d77cff6d26e3e3c2daeed0e7,b0971026c81cea7b930eb6ba8205ec2429461a3d,https://raw.githubusercontent.com/elimu-ai/webapp-lfs/main/lang-THA/images/72bbc139d77cff6d26e3e3c2daeed0e7.jpg,JPG
141,image/jpg,,,นิทานคำกลอน มดจอมขยัน_ch-4,65733,c796ba8ffcdb304bcfd1b9692240108c,444e18716703fc2dd591342c8b4d24db7ea9535f,https://raw.githubusercontent.com/elimu-ai/webapp-lfs/main/lang-THA/images/c796ba8ffcdb304bcfd1b9692240108c.jpg,JPG
142,image/jpg,,,นิทานคำกลอน มดจอมขยัน_ch-5,56702,ed1567d92207412e3f205cb3acdafaf2,486fd3c394b12d65f79588cc7c02ab229a5ebae3,https://raw.githubusercontent.com/elimu-ai/webapp-lfs/main/lang-THA/images/ed1567d92207412e3f205cb3acdafaf2.jpg,JPG
143,image/jpg,,,นิทานคำกลอน มดจอมขยัน_ch-6,69855,4cf5857d084a7337a8e5a7d86f58ca4c,6bb7f7bccce256facc0df611c072ff57ab1abb7b,https://raw.githubusercontent.com/elimu-ai/webapp-lfs/main/lang-THA/images/4cf5857d084a7337a8e5a7d86f58ca4c.jpg,JPG
144,image/jpg,,,นิทานคำกลอน มดจอมขยัน_ch-7,100903,69f063cbc324356671f50b6a109d5da9,706d7bf9db7cd350d2c1f05c1b5319f0d1131ac4,https://raw.githubusercontent.com/elimu-ai/webapp-lfs/main/lang-THA/images/69f063cbc324356671f50b6a109d5da9.jpg,JPG
145,image/jpg,,,นิทานคำกลอน มดจอมขยัน_ch-8,99514,f19f4997ef3b951a2046016e36427816,7e4b8ee666eecc22e2f2d6a83ebeb0e7ec8d00db,https://raw.githubusercontent.com/elimu-ai/webapp-lfs/main/lang-THA/images/f19f4997ef3b951a2046016e36427816.jpg,JPG
146,image/jpg,,,นิทานคำกลอน มดจอมขยัน_ch-9,67543,ab8b6c035ccd41fc0d4e0cc4e3c199df,ee756b4155135bb00d489c58b47d4961b6e68ac7,https://raw.githubusercontent.com/elimu-ai/webapp-lfs/main/lang-THA/images/ab8b6c035ccd41fc0d4e0cc4e3c199df.jpg,JPG
147,image/jpg,,,นิทานคำกลอน มดจอมขยัน_ch-10,117877,c52d40030bc415d105967ea2b2dc4a9f,938ace358f9b792f32058e43ae613bd3123edfda,https://raw.githubusercontent.com/elimu-ai/webapp-lfs/main/lang-THA/images/c52d40030bc415d105967ea2b2dc4a9f.jpg,JPG
148,image/jpg,,,นิทานคำกลอน มดจอมขยัน_ch-11,29998,2f0fe0f61017ee7918e2cd638aec71ae,7b736b515f857482b6a4da0f158ca565320a106c,https://raw.githubusercontent.com/elimu-ai/webapp-lfs/main/lang-THA/images/2f0fe0f61017ee7918e2cd638aec71ae.jpg,JPG
149,image/jpg,,,นิทานคำกลอน มดจอมขยัน_ch-12,12822,4ffa572df3a22650ab961f3cde452d84,bbd88c14b678b12bfcb09a154c9867e6478be106,https://raw.githubusercontent.com/elimu-ai/webapp-lfs/main/lang-THA/images/4ffa572df3a22650ab961f3cde452d84.jpg,JPG
150,image/jpg,,,บีม่า เจ้าลาขี้เซา_cover,205421,7084e0ab5c0ee7e2bed53e5bac54e512,73af93aea2e89992db0440cbfacb55757788394c,https://raw.githubusercontent.com/elimu-ai/webapp-lfs/main/lang-THA/images/7084e0ab5c0ee7e2bed53e5bac54e512.jpg,JPG
151,image/jpg,,,บีม่า เจ้าลาขี้เซา_ch-1,205421,7084e0ab5c0ee7e2bed53e5bac54e512,73af93aea2e89992db0440cbfacb55757788394c,https://raw.githubusercontent.com/elimu-ai/webapp-lfs/main/lang-THA/images/7084e0ab5c0ee7e2bed53e5bac54e512.jpg,JPG
152,image/jpg,,,บีม่า เจ้าลาขี้เซา_ch-2,185494,c65ccc4ae4b4345121e625a1903f7785,570fe3009b7bf078921633bb7b875865525dbb90,https://raw.githubusercontent.com/elimu-ai/webapp-lfs/main/lang-THA/images/c65ccc4ae4b4345121e625a1903f7785.jpg,JPG
153,image/jpg,,,บีม่า เจ้าลาขี้เซา_ch-3,176828,63ccc18c7de7be036eb10c2d28b31860,8a889d1a1fccb08cf1b0e5b76e533ed88bfd3b73,https://raw.githubusercontent.com/elimu-ai/webapp-lfs/main/lang-THA/images/63ccc18c7de7be036eb10c2d28b31860.jpg,JPG
154,image/jpg,,,บีม่า เจ้าลาขี้เซา_ch-4,163495,5a795e5e82fdf079008657eeeb629969,c5364c3025d26f2259f9d5b10e46f7f20a1c5e55,https://raw.githubusercontent.com/elimu-ai/webapp-lfs/main/lang-THA/images/5a795e5e82fdf079008657eeeb629969.jpg,JPG
155,image/jpg,,,บีม่า เจ้าลาขี้เซา_ch-5,129495,d41a7de149bd4bc8a418397d2af69084,0b42a62661d1472a8553c086d647a35b3d9bc4a8,https://raw.githubusercontent.com/elimu-ai/webapp-lfs/main/lang-THA/images/d41a7de149bd4bc8a418397d2af69084.jpg,JPG
156,image/jpg,,,บีม่า เจ้าลาขี้เซา_ch-6,153961,760c1187f2725540e6ebdc630c09656c,a6ec7f94f2e2a60cda1934c95f7135e9e629303f,https://raw.githubusercontent.com/elimu-ai/webapp-lfs/main/lang-THA/images/760c1187f2725540e6ebdc630c09656c.jpg,JPG
157,image/jpg,,,บีม่า เจ้าลาขี้เซา_ch-7,171944,e39cedfdb5f57e96a98ee05f5d9ffde2,b15faeb8a3a92b0cd88796e64b5d5aa61b0cffac,https://raw.githubusercontent.com/elimu-ai/webapp-lfs/main/lang-THA/images/e39cedfdb5f57e96a98ee05f5d9ffde2.jpg,JPG
158,image/jpg,,,บีม่า เจ้าลาขี้เซา_ch-8,104408,2afd9b2205005f22995da6876595222c,21df8d540c36bdc9aaeb04014b61169e1ca2a8ed,https://raw.githubusercontent.com/elimu-ai/webapp-lfs/main/lang-THA/images/2afd9b2205005f22995da6876595222c.jpg,JPG
159,image/jpg,,,นิทานคำกลอน ลูกกวางน้อย_cover,148302,5d77ba25486e45bfa04a49b210ca3da3,f4fe0b441241f4b5e1e3ad1278bb88882810ac90,https://raw.githubusercontent.com/elimu-ai/webapp-lfs/main/lang-THA/images/5d77ba25486e45bfa04a49b210ca3da3.jpg,JPG
160,image/jpg,,,นิทานคำกลอน ลูกกวางน้อย_ch-1,148302,5d77ba25486e45bfa04a49b210ca3da3,f4fe0b441241f4b5e1e3ad1278bb88882810ac90,https://raw.githubusercontent.com/elimu-ai/webapp-lfs/main/lang-THA/images/5d77ba25486e45bfa04a49b210ca3da3.jpg,JPG
161,image/jpg,,,นิทานคำกลอน ลูกกวางน้อย_ch-2,254556,82d608c33e2f75f9c54b6b131b93737e,c58791e18bd086374b497daed748663aa838677e,https://raw.githubusercontent.com/elimu-ai/webapp-lfs/main/lang-THA/images/82d608c33e2f75f9c54b6b131b93737e.jpg,JPG
162,image/jpg,,,นิทานคำกลอน ลูกกวางน้อย_ch-3,252801,392f27ecd1cc4ce2871ba091f718a849,cf5b9f2d44c2933d426ab08e6d60b76de9dc4544,https://raw.githubusercontent.com/elimu-ai/webapp-lfs/main/lang-THA/images/392f27ecd1cc4ce2871ba091f718a849.jpg,JPG
163,image/jpg,,,นิทานคำกลอน ลูกกวางน้อย_ch-4,212133,f7f17bcfb573747aad4ed24c50caba16,2b85a710e54c195adf7ca2241cd5aa010bc1c309,https://raw.githubusercontent.com/elimu-ai/webapp-lfs/main/lang-THA/images/f7f17bcfb573747aad4ed24c50caba16.jpg,JPG
164,image/jpg,,,นิทานคำกลอน ลูกกวางน้อย_ch-5,230955,129c86a432c3ce6fc5eb1027a0cdb960,5f244b8307f6da96bc2d6b65dc9cb0a9451e1a81,https://raw.githubusercontent.com/elimu-ai/webapp-lfs/main/lang-THA/images/129c86a432c3ce6fc5eb1027a0cdb960.jpg,JPG
165,image/jpg,,,นิทานคำกลอน ลูกกวางน้อย_ch-6,251092,c9d0e4000f5b28f7718e756fc2fdc944,17c8ad6262d716311c9b659388370c3f70585199,https://raw.githubusercontent.com/elimu-ai/webapp-lfs/main/lang-THA/images/c9d0e4000f5b28f7718e756fc2fdc944.jpg,JPG
166,image/jpg,,,นิทานคำกลอน ลูกกวางน้อย_ch-7,243273,dbc7c805133db64628fec1e1fd251af8,2ea8930840dcd8799527cc4e202a1523d869f405,https://raw.githubusercontent.com/elimu-ai/webapp-lfs/main/lang-THA/images/dbc7c805133db64628fec1e1fd251af8.jpg,JPG
167,image/jpg,,,นิทานคำกลอน ลูกกวางน้อย_ch-8,191631,0af289cd1589debbc0fb97a8245b5c43,f591ece7a502f606e175722abb8feb866510f04a,https://raw.githubusercontent.com/elimu-ai/webapp-lfs/main/lang-THA/images/0af289cd1589debbc0fb97a8245b5c43.jpg,JPG
168,image/jpg,,,นิทานคำกลอน ลูกกวางน้อย_ch-9,249018,0b04940f2e91639b2a832ed4c16b42ce,5d57ee243c5e85a221c98da7e0d7ca4bdcba0e8c,https://raw.githubusercontent.com/elimu-ai/webapp-lfs/main/lang-THA/images/0b04940f2e91639b2a832ed4c16b42ce.jpg,JPG
169,image/jpg,,,นิทานคำกลอน ลูกกวางน้อย_ch-10,203158,c6f9546730b3804ec7acd5ed2956daba,8780a5dc5bc0242f26837191ba48f9c8d23f9ac4,https://raw.githubusercontent.com/elimu-ai/webapp-lfs/main/lang-THA/images/c6f9546730b3804ec7acd5ed2956daba.jpg,JPG
170,image/jpg,,,นิทานคำกลอน ลูกกวางน้อย_ch-11,232274,bd92a9aab117e4e20370da3888277a99,00b7a65029b11a26ae370630970ed6e27a3f04a4,https://raw.githubusercontent.com/elimu-ai/webapp-lfs/main/lang-THA/images/bd92a9aab117e4e20370da3888277a99.jpg,JPG
171,image/jpg,,,นิทานคำกลอน ลูกกวางน้อย_ch-12,224247,67af4712b8e452439cc18a27de1cccea,b3f1f676fa1c0d1da36695375a02d5c7750f951a,https://raw.githubusercontent.com/elimu-ai/webapp-lfs/main/lang-THA/images/67af4712b8e452439cc18a27de1cccea.jpg,JPG
172,image/jpg,,,เด็กชายกับกลอง_cover,207875,ed6c9c7acb8869f9522d82a0df101aa8,d78f9d98e0d43ab7fc6682ddb3b00a03029836d8,https://raw.githubusercontent.com/elimu-ai/webapp-lfs/main/lang-THA/images/ed6c9c7acb8869f9522d82a0df101aa8.jpg,JPG
173,image/jpg,,,เด็กชายกับกลอง_ch-1,207875,ed6c9c7acb8869f9522d82a0df101aa8,d78f9d98e0d43ab7fc6682ddb3b00a03029836d8,https://raw.githubusercontent.com/elimu-ai/webapp-lfs/main/lang-THA/images/ed6c9c7acb8869f9522d82a0df101aa8.jpg,JPG
174,image/jpg,,,เด็กชายกับกลอง_ch-4,267866,80b68eadba64ff434ca9b459a7ccfb23,0f550903d5c65a0bbd5db88e273eca2ad1d646fc,https://raw.githubusercontent.com/elimu-ai/webapp-lfs/main/lang-THA/images/80b68eadba64ff434ca9b459a7ccfb23.jpg,JPG
175,image/jpg,,,เด็กชายกับกลอง_ch-7,237230,da5696db9f32d72b2d1c0e061b29b129,feddbd55a2f36527272ee7eb4d534932be4a43aa,https://raw.githubusercontent.com/elimu-ai/webapp-lfs/main/lang-THA/images/da5696db9f32d72b2d1c0e061b29b129.jpg,JPG
176,image/jpg,,,เด็กชายกับกลอง_ch-9,258314,bed2110ecedcdc7d7acf2472fa703e65,154fe8324ed14d5b1ccc95b2093eefcc9f951a90,https://raw.githubusercontent.com/elimu-ai/webapp-lfs/main/lang-THA/images/bed2110ecedcdc7d7acf2472fa703e65.jpg,JPG
177,image/jpg,,,เด็กชายกับกลอง_ch-14,217011,5ec343ee676ce9a310bce135fc9e8eb4,ea21dd76618b44094c71322e658b81ef14ba7e9f,https://raw.githubusercontent.com/elimu-ai/webapp-lfs/main/lang-THA/images/5ec343ee676ce9a310bce135fc9e8eb4.jpg,JPG
178,image/jpg,,,เด็กชายกับกลอง_ch-16,268393,e65936ba00074746dd96fb1411882a4d,cee95a4e4359ae3dd2e7c85b901c8d5615f1dd15,https://raw.githubusercontent.com/elimu-ai/webapp-lfs/main/lang-THA/images/e65936ba00074746dd96fb1411882a4d.jpg,JPG
179,image/jpg,,,เด็กชายกับกลอง_ch-18,221254,599bfb851baa00d690a697332fd8789b,05b35ad0482b04df8a66d64710d610a86986cd02,https://raw.githubusercontent.com/elimu-ai/webapp-lfs/main/lang-THA/images/599bfb851baa00d690a697332fd8789b.jpg,JPG
180,image/jpg,,,เด็กชายกับกลอง_ch-21,201234,b6386d630bb18727bbe7a86213b62550,08f68f15085f3c8dfd9965609725b7cefe0da1ee,https://raw.githubusercontent.com/elimu-ai/webapp-lfs/main/lang-THA/images/b6386d630bb18727bbe7a86213b62550.jpg,JPG
181,image/jpg,,,เด็กชายกับกลอง_ch-24,196484,db27b9377a97c03459e4e8eb7cf1f311,83d3253adb3a6fa53bacdaa346525bb5a76f02fa,https://raw.githubusercontent.com/elimu-ai/webapp-lfs/main/lang-THA/images/db27b9377a97c03459e4e8eb7cf1f311.jpg,JPG
182,image/jpg,,,เด็กชายกับกลอง_ch-27,282356,aa15738781aeda5bcd45d1edc3195c1f,581b7fd543a9e7f5a61afdda9a0748e114280f8e,https://raw.githubusercontent.com/elimu-ai/webapp-lfs/main/lang-THA/images/aa15738781aeda5bcd45d1edc3195c1f.jpg,JPG
183,image/jpg,,,เด็กชายกับกลอง_ch-29,246892,4fdaafe88f953575bfe68352c824040e,36f8a98ec25fbd15989d5febf826bb6330b37fc6,https://raw.githubusercontent.com/elimu-ai/webapp-lfs/main/lang-THA/images/4fdaafe88f953575bfe68352c824040e.jpg,JPG
184,image/jpg,,,เด็กชายกับกลอง_ch-32,117938,28cdbc0ea6fdafb80d0afa72d8cd679e,eec7f616c73235317cd1b11f1c0a4e71d10b3690,https://raw.githubusercontent.com/elimu-ai/webapp-lfs/main/lang-THA/images/28cdbc0ea6fdafb80d0afa72d8cd679e.jpg,JPG
185,image/jpg,,,เด็กชายกับกลอง_ch-33,174928,652fc5b3807ced5438e174086d83a3a8,52fedf7ebc2de912d276992c8dd14db91428b727,https://raw.githubusercontent.com/elimu-ai/webapp-lfs/main/lang-THA/images/652fc5b3807ced5438e174086d83a3a8.jpg,JPG
186,image/jpg,,,แม่ไก่กกไข่ (Busy Mother Hen)_cover,36106,3669c8ef0b4e8a4faf5e0ae4688a7b2c,3b5e153b053796bb4953f01a3b6b2266e9e63a0c,https://raw.githubusercontent.com/elimu-ai/webapp-lfs/main/lang-THA/images/3669c8ef0b4e8a4faf5e0ae4688a7b2c.jpg,JPG
187,image/jpg,,,แม่ไก่กกไข่ (Busy Mother Hen)_ch-1,36106,3669c8ef0b4e8a4faf5e0ae4688a7b2c,3b5e153b053796bb4953f01a3b6b2266e9e63a0c,https://raw.githubusercontent.com/elimu-ai/webapp-lfs/main/lang-THA/images/3669c8ef0b4e8a4faf5e0ae4688a7b2c.jpg,JPG
188,image/jpg,,,แม่ไก่กกไข่ (Busy Mother Hen)_ch-2,91190,295436f6221382c96b9d47a2b2dd0f86,300d93aa160e2cc6ecb1cf1f01e5b4d8b7120595,https://raw.githubusercontent.com/elimu-ai/webapp-lfs/main/lang-THA/images/295436f6221382c96b9d47a2b2dd0f86.jpg,JPG
189,image/jpg,,,แม่ไก่กกไข่ (Busy Mother Hen)_ch-3,66283,13c01a2894185ca27d1a21fb0af4ac97,743538cdd2df4f871fe014154b9b1acf6c13942f,https://raw.githubusercontent.com/elimu-ai/webapp-lfs/main/lang-THA/images/13c01a2894185ca27d1a21fb0af4ac97.jpg,JPG
190,image/jpg,,,แม่ไก่กกไข่ (Busy Mother Hen)_ch-4,70943,65077d50f911f30d9cc304b4baa3278b,07ac7fc236dde41967e4ce561b4d82a6b6eaabd6,https://raw.githubusercontent.com/elimu-ai/webapp-lfs/main/lang-THA/images/65077d50f911f30d9cc304b4baa3278b.jpg,JPG
191,image/jpg,,,แม่ไก่กกไข่ (Busy Mother Hen)_ch-5,67789,4ebef445ee73ba5c2b531500046c05f6,12ca2c6436d732b67e93be46547bf3710dcfa102,https://raw.githubusercontent.com/elimu-ai/webapp-lfs/main/lang-THA/images/4ebef445ee73ba5c2b531500046c05f6.jpg,JPG
192,image/jpg,,,แม่ไก่กกไข่ (Busy Mother Hen)_ch-6,51337,360a057f38762c17812b28bc2fcf499e,0de866a0ed5cc87ad34b2515aa55a4ac1b0f3593,https://raw.githubusercontent.com/elimu-ai/webapp-lfs/main/lang-THA/images/360a057f38762c17812b28bc2fcf499e.jpg,JPG
193,image/jpg,,,แม่ไก่กกไข่ (Busy Mother Hen)_ch-7,82481,34bf5ab9f71248a40a071d0129877cf9,fb9ba6f0a2211f39d07116b6ab3aa2d1a84747a6,https://raw.githubusercontent.com/elimu-ai/webapp-lfs/main/lang-THA/images/34bf5ab9f71248a40a071d0129877cf9.jpg,JPG
194,image/jpg,,,แม่ไก่กกไข่ (Busy Mother Hen)_ch-8,70230,bea81cf0a9d6f9bca1daf3214287c097,d9578bd26b437e284a693015dbd084bf29020eef,https://raw.githubusercontent.com/elimu-ai/webapp-lfs/main/lang-THA/images/bea81cf0a9d6f9bca1daf3214287c097.jpg,JPG
195,image/jpg,,,แม่ไก่กกไข่ (Busy Mother Hen)_ch-9,61052,d47820a7ca3bc787791af64cf2cf89e3,a8903bb58f95969d28afb8c7c213d8068985d754,https://raw.githubusercontent.com/elimu-ai/webapp-lfs/main/lang-THA/images/d47820a7ca3bc787791af64cf2cf89e3.jpg,JPG
196,image/jpg,,,แม่ไก่กกไข่ (Busy Mother Hen)_ch-10,55248,871153fa572753afde1db43e0c6278bc,1ed92798cfccb7578557a2a850acd671b3aabdfb,https://raw.githubusercontent.com/elimu-ai/webapp-lfs/main/lang-THA/images/871153fa572753afde1db43e0c6278bc.jpg,JPG
197,image/jpg,,,แม่ไก่กกไข่ (Busy Mother Hen)_ch-11,68261,037b547a6a8c6de62e31daf794791809,ab678385df6e8a562efeceb148f6b3e40b6cc2d4,https://raw.githubusercontent.com/elimu-ai/webapp-lfs/main/lang-THA/images/037b547a6a8c6de62e31daf794791809.jpg,JPG
198,image/jpg,,,แม่ไก่กกไข่ (Busy Mother Hen)_ch-12,44591,3a60fc089ea91a18aa95fe1b078d6904,22598a31290e69b05a4476d3b07c4aac273f4c72,https://raw.githubusercontent.com/elimu-ai/webapp-lfs/main/lang-THA/images/3a60fc089ea91a18aa95fe1b078d6904.jpg,JPG
199,image/jpg,,,แม่ไก่กกไข่ (Busy Mother Hen)_ch-13,53380,08db8ddc77a71ccc4d2f1beb12f83687,ba784f6e59fb3f2c53c93293bf16dc1e498424ed,https://raw.githubusercontent.com/elimu-ai/webapp-lfs/main/lang-THA/images/08db8ddc77a71ccc4d2f1beb12f83687.jpg,JPG
200,image/jpg,,,แม่ไก่กกไข่ (Busy Mother Hen)_ch-14,83021,0eeca3f14469055eef1d22c9381ccb1b,6f9704b65ab7d26e4ea52cf495a5cc10014b7f97,https://raw.githubusercontent.com/elimu-ai/webapp-lfs/main/lang-THA/images/0eeca3f14469055eef1d22c9381ccb1b.jpg,JPG
201,image/jpg,,,แม่ไก่กกไข่ (Busy Mother Hen)_ch-15,58789,e98067a13cb0a23deecd88f3a77c0ff0,43f8179d06ed56b7f91f4757ce956bc89264d167,https://raw.githubusercontent.com/elimu-ai/webapp-lfs/main/lang-THA/images/e98067a13cb0a23deecd88f3a77c0ff0.jpg,JPG
202,image/jpg,,,แม่ไก่กกไข่ (Busy Mother Hen)_ch-16,81522,1a08147b96cfaa458467721ec3d8b893,40f3163ef7c8c96dfcd27271a6c707d573db8170,https://raw.githubusercontent.com/elimu-ai/webapp-lfs/main/lang-THA/images/1a08147b96cfaa458467721ec3d8b893.jpg,JPG
203,image/jpg,,,แม่ไก่กกไข่ (Busy Mother Hen)_ch-17,48955,84e419f100ff97921981b841fbfa29b0,d115f48b8188eba479e83f8fcca1e73e4c569926,https://raw.githubusercontent.com/elimu-ai/webapp-lfs/main/lang-THA/images/84e419f100ff97921981b841fbfa29b0.jpg,JPG
204,image/jpg,,,เราต่างก็เป็นสัตว์โลก_cover,92794,a78aa308248f23026266c1959769928c,b6fb3af36a9b21e993a2175d2c7b25a473c0b7ed,https://raw.githubusercontent.com/elimu-ai/webapp-lfs/main/lang-THA/images/a78aa308248f23026266c1959769928c.jpg,JPG
205,image/jpg,,,เราต่างก็เป็นสัตว์โลก_ch-1,92794,a78aa308248f23026266c1959769928c,b6fb3af36a9b21e993a2175d2c7b25a473c0b7ed,https://raw.githubusercontent.com/elimu-ai/webapp-lfs/main/lang-THA/images/a78aa308248f23026266c1959769928c.jpg,JPG
206,image/jpg,,,เราต่างก็เป็นสัตว์โลก_ch-2,88952,f6a9230fa9c0d1373d7626d74ef89bca,454f667b9b086843be9faf0b8d8255f730cb2e0b,https://raw.githubusercontent.com/elimu-ai/webapp-lfs/main/lang-THA/images/f6a9230fa9c0d1373d7626d74ef89bca.jpg,JPG
207,image/jpg,,,เราต่างก็เป็นสัตว์โลก_ch-3,84030,a9de33665b92232aeb84c14e108531e5,b090de4bd067dab91b4eb4edefad3d70b74ec8f0,https://raw.githubusercontent.com/elimu-ai/webapp-lfs/main/lang-THA/images/a9de33665b92232aeb84c14e108531e5.jpg,JPG
208,image/jpg,,,เราต่างก็เป็นสัตว์โลก_ch-4,94410,9483660ef1617fcecabfd3c7aef4a07e,48fcc1bad809fa91febbaea1efd8a95029d6c724,https://raw.githubusercontent.com/elimu-ai/webapp-lfs/main/lang-THA/images/9483660ef1617fcecabfd3c7aef4a07e.jpg,JPG
209,image/jpg,,,เราต่างก็เป็นสัตว์โลก_ch-5,99207,202607a465691f2bfdf6f350ba2545da,f080594eb03ce11f7db934f9434cf83219750704,https://raw.githubusercontent.com/elimu-ai/webapp-lfs/main/lang-THA/images/202607a465691f2bfdf6f350ba2545da.jpg,JPG
210,image/jpg,,,เราต่างก็เป็นสัตว์โลก_ch-6,103659,af828dcdfb663dd374c0be093bc7b674,f620b1c2000d0fcab203581edb2a5364b05e1a80,https://raw.githubusercontent.com/elimu-ai/webapp-lfs/main/lang-THA/images/af828dcdfb663dd374c0be093bc7b674.jpg,JPG
211,image/jpg,,,เราต่างก็เป็นสัตว์โลก_ch-7,86534,a8dd7fa694a8859150477f50233c3ff5,3f4af7fbaea5848b6210847ad8c69d5c863bbc30,https://raw.githubusercontent.com/elimu-ai/webapp-lfs/main/lang-THA/images/a8dd7fa694a8859150477f50233c3ff5.jpg,JPG
212,image/jpg,,,เราต่างก็เป็นสัตว์โลก_ch-8,95510,1610bd10251ee6afaa40ebcbe7549563,7bb4aebbae92ed83e9093796440c83079203ee80,https://raw.githubusercontent.com/elimu-ai/webapp-lfs/main/lang-THA/images/1610bd10251ee6afaa40ebcbe7549563.jpg,JPG
213,image/jpg,,,เราต่างก็เป็นสัตว์โลก_ch-9,87563,37211e5b47dc829047e554c2eb9d8ff5,3c989ec213e63a193d74fe5d29607d4f024cdcfd,https://raw.githubusercontent.com/elimu-ai/webapp-lfs/main/lang-THA/images/37211e5b47dc829047e554c2eb9d8ff5.jpg,JPG
214,image/jpg,,,เราต่างก็เป็นสัตว์โลก_ch-10,97420,7f166627aeb69b3aa3d60f663e1f4700,7d8b73c22edd9f4cb8037601192c0656425032ea,https://raw.githubusercontent.com/elimu-ai/webapp-lfs/main/lang-THA/images/7f166627aeb69b3aa3d60f663e1f4700.jpg,JPG
215,image/jpg,,,เราต่างก็เป็นสัตว์โลก_ch-11,98841,64f9323cbc57874a7d403c94edcbc9a1,b5d8190f153f1dfbaa96e7c146c9443269115b3c,https://raw.githubusercontent.com/elimu-ai/webapp-lfs/main/lang-THA/images/64f9323cbc57874a7d403c94edcbc9a1.jpg,JPG
216,image/jpg,,,เราต่างก็เป็นสัตว์โลก_ch-12,104113,627f4b3a1a24a21364329a91361e2197,888c3f7c1bdc2e4d32838e91a8facc89c2de3f6d,https://raw.githubusercontent.com/elimu-ai/webapp-lfs/main/lang-THA/images/627f4b3a1a24a21364329a91361e2197.jpg,JPG
217,image/jpg,,,เราต่างก็เป็นสัตว์โลก_ch-13,102012,c338e587aaa937b3a32ff1380920cd43,581467fee576a2912b0435a16c989990a4d5590c,https://raw.githubusercontent.com/elimu-ai/webapp-lfs/main/lang-THA/images/c338e587aaa937b3a32ff1380920cd43.jpg,JPG
218,image/jpg,,,เราต่างก็เป็นสัตว์โลก_ch-14,107631,cdd8a96bba003cfc53da5ff49695a81a,1510ea0e47bde822c178010c58073a7eb32bbf2f,https://raw.githubusercontent.com/elimu-ai/webapp-lfs/main/lang-THA/images/cdd8a96bba003cfc53da5ff49695a81a.jpg,JPG
219,image/jpg,,,เราต่างก็เป็นสัตว์โลก_ch-15,97484,e962d3f7e6d030295d1a0eca6a83e800,8ab0b051040b8053c139d0295cf82fabf509019a,https://raw.githubusercontent.com/elimu-ai/webapp-lfs/main/lang-THA/images/e962d3f7e6d030295d1a0eca6a83e800.jpg,JPG
220,image/jpg,,,เราต่างก็เป็นสัตว์โลก_ch-16,103313,da1c47b22d65bf072db7f1d3ff11c649,3cf891125e9f059c13c270a54d743c1cbde467f2,https://raw.githubusercontent.com/elimu-ai/webapp-lfs/main/lang-THA/images/da1c47b22d65bf072db7f1d3ff11c649.jpg,JPG
221,image/jpg,,,เราต่างก็เป็นสัตว์โลก_ch-17,101834,d3c95568ffbf4ff757591d8dac872d6c,96b8a561b0e5a472899abd6dba6fbbac590462b1,https://raw.githubusercontent.com/elimu-ai/webapp-lfs/main/lang-THA/images/d3c95568ffbf4ff757591d8dac872d6c.jpg,JPG
222,image/jpg,,,เราต่างก็เป็นสัตว์โลก_ch-18,113403,f8304d66f38212f5e6706f1c417516e1,78bf011efe897d7e6a9e0faab32e9e1d39576eea,https://raw.githubusercontent.com/elimu-ai/webapp-lfs/main/lang-THA/images/f8304d66f38212f5e6706f1c417516e1.jpg,JPG
223,image/jpg,,,เราต่างก็เป็นสัตว์โลก_ch-19,104019,5d86c554e8bb5962e4e8348669bf0357,d8fb740b009207e266c1d980bfaafada55d75c56,https://raw.githubusercontent.com/elimu-ai/webapp-lfs/main/lang-THA/images/5d86c554e8bb5962e4e8348669bf0357.jpg,JPG
224,image/jpg,,,เราต่างก็เป็นสัตว์โลก_ch-20,104542,9c53d19b89ca3bc26d56a687249f7413,6862be3da8d0e6e577024ee8debac5eeef7334bf,https://raw.githubusercontent.com/elimu-ai/webapp-lfs/main/lang-THA/images/9c53d19b89ca3bc26d56a687249f7413.jpg,JPG
225,image/jpg,,,เราต่างก็เป็นสัตว์โลก_ch-21,94582,ba553fd9780b558671e6851635a8f331,6b792ebc9d89671f784e9d6055f8c04ea5de3e84,https://raw.githubusercontent.com/elimu-ai/webapp-lfs/main/lang-THA/images/ba553fd9780b558671e6851635a8f331.jpg,JPG
226,image/jpg,,,เราต่างก็เป็นสัตว์โลก_ch-22,107884,ece6acadfb756311d871230661201cd3,4fa2c4b159ca3e9afe41689b0ab77fd036d6e41d,https://raw.githubusercontent.com/elimu-ai/webapp-lfs/main/lang-THA/images/ece6acadfb756311d871230661201cd3.jpg,JPG
227,image/jpg,,,เราต่างก็เป็นสัตว์โลก_ch-23,89340,028e5a9f3828487cec0cf0c7762391a1,58d7e4d0b07beb501b1a45800b2ddfb82a377502,https://raw.githubusercontent.com/elimu-ai/webapp-lfs/main/lang-THA/images/028e5a9f3828487cec0cf0c7762391a1.jpg,JPG
228,image/jpg,,,เราต่างก็เป็นสัตว์โลก_ch-24,82915,a65e8f1daa98238585f1c41fe936b819,13988670b3df8b0c46a89d326033ad9cad884151,https://raw.githubusercontent.com/elimu-ai/webapp-lfs/main/lang-THA/images/a65e8f1daa98238585f1c41fe936b819.jpg,JPG
229,image/jpg,,,เราต่างก็เป็นสัตว์โลก_ch-25,94742,49c8c2e5d99f58a375965c3c9c656c39,839b1dfa2d235000fa95de6897693713e3101dc8,https://raw.githubusercontent.com/elimu-ai/webapp-lfs/main/lang-THA/images/49c8c2e5d99f58a375965c3c9c656c39.jpg,JPG
230,image/jpg,,,เราต่างก็เป็นสัตว์โลก_ch-26,88717,6a8a1197c96e4fdb2f8c59c610668be7,c044d582aa4fe4e1ab56f6cc9f11f965b9336e6a,https://raw.githubusercontent.com/elimu-ai/webapp-lfs/main/lang-THA/images/6a8a1197c96e4fdb2f8c59c610668be7.jpg,JPG
231,image/jpg,,,เราต่างก็เป็นสัตว์โลก_ch-27,90386,47278549467d7ffc63a2f19b4d9d50a9,8b9c36002202dc862fb6b64c3813530566b44dcf,https://raw.githubusercontent.com/elimu-ai/webapp-lfs/main/lang-THA/images/47278549467d7ffc63a2f19b4d9d50a9.jpg,JPG
232,image/jpg,,,เราต่างก็เป็นสัตว์โลก_ch-28,66261,239b8d0b36704f5f2620dff36de51fad,83f01cd2dc73d442c59ad4b29b7d2beba6480c88,https://raw.githubusercontent.com/elimu-ai/webapp-lfs/main/lang-THA/images/239b8d0b36704f5f2620dff36de51fad.jpg,JPG
233,image/jpg,,,เราต่างก็เป็นสัตว์โลก_ch-29,104938,6f09c86152d9e5647022c44e50a19fc8,823ad9832908a7b87fe98256465802c4a2315f79,https://raw.githubusercontent.com/elimu-ai/webapp-lfs/main/lang-THA/images/6f09c86152d9e5647022c44e50a19fc8.jpg,JPG
234,image/jpg,,,เจ้าแมวสะอาด_cover,76374,e3042c4d3b037f66a56e960cee1da8e3,364f04eb6365cf1291eccb341f4da265cdc38c83,https://raw.githubusercontent.com/elimu-ai/webapp-lfs/main/lang-THA/images/e3042c4d3b037f66a56e960cee1da8e3.jpg,JPG
235,image/jpg,,,เจ้าแมวสะอาด_ch-1,76374,e3042c4d3b037f66a56e960cee1da8e3,364f04eb6365cf1291eccb341f4da265cdc38c83,https://raw.githubusercontent.com/elimu-ai/webapp-lfs/main/lang-THA/images/e3042c4d3b037f66a56e960cee1da8e3.jpg,JPG
236,image/jpg,,,เจ้าแมวสะอาด_ch-2,83922,986600c1768f2b9802f5bcd4eba31ddc,0ae411aff5b7bd581ddbce65642503500187d994,https://raw.githubusercontent.com/elimu-ai/webapp-lfs/main/lang-THA/images/986600c1768f2b9802f5bcd4eba31ddc.jpg,JPG
237,image/jpg,,,เจ้าแมวสะอาด_ch-3,117555,98b0091a5d1ce25138e2a0928f56bc53,2cfa9c80760cbb4ff68ccbdbce6846131c56ef55,https://raw.githubusercontent.com/elimu-ai/webapp-lfs/main/lang-THA/images/98b0091a5d1ce25138e2a0928f56bc53.jpg,JPG
238,image/jpg,,,เจ้าแมวสะอาด_ch-4,124619,2cc63600a348e6121a0c2e55b1756d63,27cc038fef44d66c0aa26d0eabf088c7d43fcc4a,https://raw.githubusercontent.com/elimu-ai/webapp-lfs/main/lang-THA/images/2cc63600a348e6121a0c2e55b1756d63.jpg,JPG
239,image/jpg,,,เจ้าแมวสะอาด_ch-5,126374,2565f3fa00a3cab6f541fb2f3c340539,fe19a239ff264f0a4a3c316e88d6e4646fc9baa2,https://raw.githubusercontent.com/elimu-ai/webapp-lfs/main/lang-THA/images/2565f3fa00a3cab6f541fb2f3c340539.jpg,JPG
240,image/jpg,,,เจ้าแมวสะอาด_ch-6,103674,16efb7293f1fe191a4fcbdefed6e49ab,f1ba8e69eadf060eec1ee9153cfae4e51fd7a8aa,https://raw.githubusercontent.com/elimu-ai/webapp-lfs/main/lang-THA/images/16efb7293f1fe191a4fcbdefed6e49ab.jpg,JPG
241,image/jpg,,,เจ้าแมวสะอาด_ch-7,116064,b117588b0e7cae0e265bd5bdda177a31,8ea75c57b79f4b1ec9a141fb21e7e5a0aeed4a7d,https://raw.githubusercontent.com/elimu-ai/webapp-lfs/main/lang-THA/images/b117588b0e7cae0e265bd5bdda177a31.jpg,JPG
242,image/jpg,,,เจ้าแมวสะอาด_ch-8,112592,b3feb594efff93c2ed458f003f0ae861,8463ed8f7ae214e0fed4a71ab93c7d2f7bae7283,https://raw.githubusercontent.com/elimu-ai/webapp-lfs/main/lang-THA/images/b3feb594efff93c2ed458f003f0ae861.jpg,JPG
243,image/jpg,,,เจ้าแมวสะอาด_ch-9,103136,323b81143eb27c5ef94f3626e150252f,ef0227f72ef8eb017bd59ea2066ff457dc86baa0,https://raw.githubusercontent.com/elimu-ai/webapp-lfs/main/lang-THA/images/323b81143eb27c5ef94f3626e150252f.jpg,JPG
244,image/jpg,,,เจ้าแมวสะอาด_ch-10,93033,77ccc44582e632dfbf3d9c880db774da,a6a13faa555581c294c1b0ac6d31a88bacc5e628,https://raw.githubusercontent.com/elimu-ai/webapp-lfs/main/lang-THA/images/77ccc44582e632dfbf3d9c880db774da.jpg,JPG
245,image/jpg,,,เจ้าแมวสะอาด_ch-11,134746,5ced2ff6c2c0ac3db65b429475c4e1e1,378b2fd47d87e7e3aec3152c793f1aeca7678e3f,https://raw.githubusercontent.com/elimu-ai/webapp-lfs/main/lang-THA/images/5ced2ff6c2c0ac3db65b429475c4e1e1.jpg,JPG
246,image/jpg,,,เจ้าแมวสะอาด_ch-12,33299,7ce79ddbd2c2afab9fd3218186b1db95,99d7df8b4702ed6041fb9ed0b77e00d975d1a77c,https://raw.githubusercontent.com/elimu-ai/webapp-lfs/main/lang-THA/images/7ce79ddbd2c2afab9fd3218186b1db95.jpg,JPG
247,image/jpg,,,ปลาใช่ไหม (Are You a Fish?)_cover,83082,acfd8f85434a6654c115796a1d923d77,524542ac26524d2f6efe8e1388c8e1097deb293b,https://raw.githubusercontent.com/elimu-ai/webapp-lfs/main/lang-THA/images/acfd8f85434a6654c115796a1d923d77.jpg,JPG
248,image/jpg,,,ปลาใช่ไหม (Are You a Fish?)_ch-1,83082,acfd8f85434a6654c115796a1d923d77,524542ac26524d2f6efe8e1388c8e1097deb293b,https://raw.githubusercontent.com/elimu-ai/webapp-lfs/main/lang-THA/images/acfd8f85434a6654c115796a1d923d77.jpg,JPG
249,image/jpg,,,ปลาใช่ไหม (Are You a Fish?)_ch-2,72807,916120abe9bef45b60c2889164202919,b675648004def0e39b97d1fc6f970498cafae70b,https://raw.githubusercontent.com/elimu-ai/webapp-lfs/main/lang-THA/images/916120abe9bef45b60c2889164202919.jpg,JPG
250,image/jpg,,,ปลาใช่ไหม (Are You a Fish?)_ch-3,110860,86bc4771c405eb693a2c226c690087df,1129dcb1f3ed370bddad3a897718a2a1277c7b44,https://raw.githubusercontent.com/elimu-ai/webapp-lfs/main/lang-THA/images/86bc4771c405eb693a2c226c690087df.jpg,JPG
251,image/jpg,,,ปลาใช่ไหม (Are You a Fish?)_ch-4,25666,f2689a33f944cffea68bdcdaac5fd8bd,9783d02f17c3eb64af04eac313ab2f0b50fb639e,https://raw.githubusercontent.com/elimu-ai/webapp-lfs/main/lang-THA/images/f2689a33f944cffea68bdcdaac5fd8bd.jpg,JPG
252,image/jpg,,,ปลาใช่ไหม (Are You a Fish?)_ch-5,112577,98d7c2a068c6c7127b843dedc48a4a45,20119b76c7bce11ad5511061b8ddd0531722d605,https://raw.githubusercontent.com/elimu-ai/webapp-lfs/main/lang-THA/images/98d7c2a068c6c7127b843dedc48a4a45.jpg,JPG
253,image/jpg,,,ปลาใช่ไหม (Are You a Fish?)_ch-6,24844,8e2379a5dbda316afbc5aece5173e834,a87354ce47562d114e864a48e6560d3dab5bad54,https://raw.githubusercontent.com/elimu-ai/webapp-lfs/main/lang-THA/images/8e2379a5dbda316afbc5aece5173e834.jpg,JPG
254,image/jpg,,,ปลาใช่ไหม (Are You a Fish?)_ch-7,85851,dd994ee2491eb3e4d9307fa09419addf,f7e67e86678af6e79c2e8d3b84ebecb908674ab2,https://raw.githubusercontent.com/elimu-ai/webapp-lfs/main/lang-THA/images/dd994ee2491eb3e4d9307fa09419addf.jpg,JPG
255,image/jpg,,,ปลาใช่ไหม (Are You a Fish?)_ch-8,38415,9615667b2de674ac094bd18064f156f3,95d0cd50e863b047a59a5b412fdaca2aa28e3f77,https://raw.githubusercontent.com/elimu-ai/webapp-lfs/main/lang-THA/images/9615667b2de674ac094bd18064f156f3.jpg,JPG
256,image/jpg,,,ปลาใช่ไหม (Are You a Fish?)_ch-9,102727,250cfa818c6b5a07e9d66b9ea1041536,0fb52cad9cd71098d06b7e74b00b3abd10b27e13,https://raw.githubusercontent.com/elimu-ai/webapp-lfs/main/lang-THA/images/250cfa818c6b5a07e9d66b9ea1041536.jpg,JPG
257,image/jpg,,,ปลาใช่ไหม (Are You a Fish?)_ch-10,101072,14d5c81a13935c2ad953d882b3c71ac9,b5cbbffa396269806e9b480bd91e0779e98fdfc2,https://raw.githubusercontent.com/elimu-ai/webapp-lfs/main/lang-THA/images/14d5c81a13935c2ad953d882b3c71ac9.jpg,JPG
258,image/jpg,,,ปลาใช่ไหม (Are You a Fish?)_ch-11,39914,b5976a7a9e584fd4bf6386682639b9d6,d2ed8d7880567e4c4b5e1832459d6c52d3c2060d,https://raw.githubusercontent.com/elimu-ai/webapp-lfs/main/lang-THA/images/b5976a7a9e584fd4bf6386682639b9d6.jpg,JPG
259,image/jpg,,,ปลาใช่ไหม (Are You a Fish?)_ch-12,87791,6a097faff25716569855b537f9be7f79,8cf2a49b6dbc030bf844ce69d58fe439e7a6d246,https://raw.githubusercontent.com/elimu-ai/webapp-lfs/main/lang-THA/images/6a097faff25716569855b537f9be7f79.jpg,JPG
260,image/jpg,,,ปลาใช่ไหม (Are You a Fish?)_ch-13,15310,c68bba713af8cdc1c4c4e8fede25be38,18cb8da18a12cf6aa69135890f58aed00f4e1c80,https://raw.githubusercontent.com/elimu-ai/webapp-lfs/main/lang-THA/images/c68bba713af8cdc1c4c4e8fede25be38.jpg,JPG
261,image/jpg,,,ปลาใช่ไหม (Are You a Fish?)_ch-14,72850,2d2158360d5c225ae5f6005b7ca9cb52,342d9431fced6a168b62a93e43f9fcf38dc831b5,https://raw.githubusercontent.com/elimu-ai/webapp-lfs/main/lang-THA/images/2d2158360d5c225ae5f6005b7ca9cb52.jpg,JPG
262,image/jpg,,,ปลาใช่ไหม (Are You a Fish?)_ch-15,75338,5b3dce513d5cc6ffd3a530bf1799eb2a,c66678e69e5227161a93fcbdb409f47b9925816a,https://raw.githubusercontent.com/elimu-ai/webapp-lfs/main/lang-THA/images/5b3dce513d5cc6ffd3a530bf1799eb2a.jpg,JPG
263,image/jpg,,,นิทานคำกลอน มดน้อยในตู้จดหมาย_cover,493596,5885b98710dfa329ac8821fa68fde4bb,3558fa697ca053e5d59f8043a1cff8f17cb75018,https://raw.githubusercontent.com/elimu-ai/webapp-lfs/main/lang-THA/images/5885b98710dfa329ac8821fa68fde4bb.jpg,JPG
264,image/jpg,,,นิทานคำกลอน มดน้อยในตู้จดหมาย_ch-1,493596,5885b98710dfa329ac8821fa68fde4bb,3558fa697ca053e5d59f8043a1cff8f17cb75018,https://raw.githubusercontent.com/elimu-ai/webapp-lfs/main/lang-THA/images/5885b98710dfa329ac8821fa68fde4bb.jpg,JPG
265,image/jpg,,,นิทานคำกลอน มดน้อยในตู้จดหมาย_ch-2,147281,1f624c4e68041342a9d5248d5975d5a6,6ddf0bbf629134f6291f5f2973877b74e746be75,https://raw.githubusercontent.com/elimu-ai/webapp-lfs/main/lang-THA/images/1f624c4e68041342a9d5248d5975d5a6.jpg,JPG
266,image/jpg,,,นิทานคำกลอน มดน้อยในตู้จดหมาย_ch-3,123290,23d23a5fcfe64d5b98b7ea9db7cbd3b9,8b252b032c58e9bdfe893e469a53ff74dda76845,https://raw.githubusercontent.com/elimu-ai/webapp-lfs/main/lang-THA/images/23d23a5fcfe64d5b98b7ea9db7cbd3b9.jpg,JPG
267,image/jpg,,,นิทานคำกลอน มดน้อยในตู้จดหมาย_ch-4,107226,32d1ba1fff501a996dc04bbf17541b1c,2a4a75659d634f1bd51fa774663e00194e099ef9,https://raw.githubusercontent.com/elimu-ai/webapp-lfs/main/lang-THA/images/32d1ba1fff501a996dc04bbf17541b1c.jpg,JPG
268,image/jpg,,,นิทานคำกลอน มดน้อยในตู้จดหมาย_ch-5,100109,16a0fe7b9442f47267ec48a27e40cc87,72893b4b41815b87f2324a5387265aa7ba05bc99,https://raw.githubusercontent.com/elimu-ai/webapp-lfs/main/lang-THA/images/16a0fe7b9442f47267ec48a27e40cc87.jpg,JPG
269,image/jpg,,,นิทานคำกลอน มดน้อยในตู้จดหมาย_ch-6,122847,f72b64a83c07b930fc603742c4bd6bb3,1ff94cd46444da89f58c3ff0a4343971533fe05b,https://raw.githubusercontent.com/elimu-ai/webapp-lfs/main/lang-THA/images/f72b64a83c07b930fc603742c4bd6bb3.jpg,JPG
270,image/jpg,,,นิทานคำกลอน มดน้อยในตู้จดหมาย_ch-7,120357,a728261f031567194627d0a5c8ce603d,96a4234d9885e4343c7d802c3cfb8eb2e8e449b6,https://raw.githubusercontent.com/elimu-ai/webapp-lfs/main/lang-THA/images/a728261f031567194627d0a5c8ce603d.jpg,JPG
271,image/jpg,,,นิทานคำกลอน มดน้อยในตู้จดหมาย_ch-8,138292,2e87f02a41b319799294d07924fc834b,f54a95d3a493738d6f1316e0ab729fb8e20bb272,https://raw.githubusercontent.com/elimu-ai/webapp-lfs/main/lang-THA/images/2e87f02a41b319799294d07924fc834b.jpg,JPG
272,image/jpg,,,นิทานคำกลอน มดน้อยในตู้จดหมาย_ch-9,165714,7b7348c40558224bff9615e0a39a38e8,9b7e9f8f23a3aca2c0be55bb03da927bf7f61cfc,https://raw.githubusercontent.com/elimu-ai/webapp-lfs/main/lang-THA/images/7b7348c40558224bff9615e0a39a38e8.jpg,JPG
273,image/jpg,,,นิทานคำกลอน มดน้อยในตู้จดหมาย_ch-10,149212,c4dc537be63b4152350f260f921a4056,76a453e1bea19d578ac1c032db84732e4bee61ee,https://raw.githubusercontent.com/elimu-ai/webapp-lfs/main/lang-THA/images/c4dc537be63b4152350f260f921a4056.jpg,JPG
274,image/jpg,,,นิทานคำกลอน มดน้อยในตู้จดหมาย_ch-11,186696,fcf74d5d5e2a691f90023e1e03990796,930c68128792e827df15dd099ca265650b1c9174,https://raw.githubusercontent.com/elimu-ai/webapp-lfs/main/lang-THA/images/fcf74d5d5e2a691f90023e1e03990796.jpg,JPG
275,image/jpg,,,นิทานคำกลอน มดน้อยในตู้จดหมาย_ch-12,135111,6a842d8e15c9d12e9a74990d47301581,9cd516ae4c1631a33eb0bfb737eb3bdb15f7809e,https://raw.githubusercontent.com/elimu-ai/webapp-lfs/main/lang-THA/images/6a842d8e15c9d12e9a74990d47301581.jpg,JPG
276,image/jpg,,,นิทานคำกลอน มดน้อยในตู้จดหมาย_ch-13,149010,73bc2c74b5a4a6ef312efc4a54319422,46e6a81d7e6bacddcc41579c495aebfd8797eb6d,https://raw.githubusercontent.com/elimu-ai/webapp-lfs/main/lang-THA/images/73bc2c74b5a4a6ef312efc4a54319422.jpg,JPG
277,image/jpg,,,นิทานคำกลอน มดน้อยในตู้จดหมาย_ch-14,103622,ed39fab41479531246b184073e8d67f0,07bb949774a9dc4deaa33e3f11cfd32733110c80,https://raw.githubusercontent.com/elimu-ai/webapp-lfs/main/lang-THA/images/ed39fab41479531246b184073e8d67f0.jpg,JPG
278,image/jpg,,,นิทานคำกลอน มดน้อยในตู้จดหมาย_ch-15,95563,43459285b6ca4859baa186a4708acac9,b0115a49ffafd826f9df2add3dcbff952f75c9d9,https://raw.githubusercontent.com/elimu-ai/webapp-lfs/main/lang-THA/images/43459285b6ca4859baa186a4708acac9.jpg,JPG
279,image/jpg,,,นิทานคำกลอน มดน้อยในตู้จดหมาย_ch-16,125525,6e993b45aa97aac2b78fb1863759db5e,dc11b8a971287e72dfeddac4988c59fe6c3d5f85,https://raw.githubusercontent.com/elimu-ai/webapp-lfs/main/lang-THA/images/6e993b45aa97aac2b78fb1863759db5e.jpg,JPG
280,image/jpg,,,นิทานคำกลอน มดน้อยในตู้จดหมาย_ch-17,35022,88998d0516ffb6863215a627e6c753c8,323b395951e29e75f41342976fd51d74ffee06a3,https://raw.githubusercontent.com/elimu-ai/webapp-lfs/main/lang-THA/images/88998d0516ffb6863215a627e6c753c8.jpg,JPG
281,image/jpg,,,นิทานคำกลอน มดน้อยในตู้จดหมาย_ch-20,598990,5d387f947c29dc756a583c9031279c56,c3a4327142eb5a43644f9ad856b364c2f1c510be,https://raw.githubusercontent.com/elimu-ai/webapp-lfs/main/lang-THA/images/5d387f947c29dc756a583c9031279c56.jpg,JPG
