id,title,description,content_license,attribution_url,reading_level,cover_image_id,chapters
1,เจ้า ตูบ หลง ทาง,โก มา พา เจ้า ตูบ ไป เที่ยว สวน สัตว์ แต่ พวก เขา หา กัน ไม่ เจอ เสีย แล้ว มา ช่วย เจ้า ตูบ ตาม หา เจ้าของ กัน!,CREATIVE_COMMONS_CC_BY_NC,https://www.letsreadasia.org/book/14d862c6-cd66-41eb-ab62-5da1f4d0373f,LEVEL1,1,"[{""image"":{""id"":2},""sortOrder"":0,""id"":1,""storyBookParagraphs"":[{""originalText"":""วันนี้ ฉัน ออก ไป เที่ยว สวน สัตว์ กับ คุณ โกมา"",""sortOrder"":0,""id"":1},{""originalText"":""เจ้าของ ของ ฉัน"",""sortOrder"":1,""id"":53}]},{""image"":{""id"":3},""sortOrder"":1,""id"":2,""storyBookParagraphs"":[{""originalText"":""แต่ แล้ว ฉัน ก็ หลง ทาง"",""sortOrder"":0,""id"":2}]},{""image"":{""id"":4},""sortOrder"":2,""id"":3,""storyBookParagraphs"":[{""originalText"":""คุณ โกมา อยู่ ที่ ไหน กัน นะ"",""sortOrder"":0,""id"":3}]},{""image"":{""id"":5},""sortOrder"":3,""id"":4,""storyBookParagraphs"":[{""originalText"":""เอ๊ะ! นั่น ใช่ ผม ของ คุณ โกมา หรือ เปล่า"",""sortOrder"":0,""id"":4}]},{""image"":{""id"":6},""sortOrder"":4,""id"":5,""storyBookParagraphs"":[{""originalText"":""อ้าว เป็น คุณ ม้า นั่นเอง"",""sortOrder"":0,""id"":5}]},{""image"":{""id"":7},""sortOrder"":5,""id"":6,""storyBookParagraphs"":[{""originalText"":""เอ๊ะ! นั่น ใช่ มือ ของ คุณ โกมา หรือ เปล่า"",""sortOrder"":0,""id"":6}]},{""image"":{""id"":8},""sortOrder"":6,""id"":7,""storyBookParagraphs"":[{""originalText"":""อ้าว เป็น คุณ ลิง นั่น เอง"",""sortOrder"":0,""id"":7}]},{""image"":{""id"":9},""sortOrder"":7,""id"":8,""storyBookParagraphs"":[{""originalText"":""เอ๊ะ! นั่น ใช่ เสื้อ ของ คุณ โกมา หรือ เปล่า"",""sortOrder"":0,""id"":8}]},{""image"":{""id"":10},""sortOrder"":8,""id"":9,""storyBookParagraphs"":[{""originalText"":""อ้าว เป็น คุณ เสือ นั่นเอง"",""sortOrder"":0,""id"":9}]},{""image"":{""id"":11},""sortOrder"":9,""id"":10,""storyBookParagraphs"":[{""originalText"":""เอ๊ะ! นั่น ใช่ กระเป๋า ของ คุณ โกมา หรือ เปล่า"",""sortOrder"":0,""id"":10}]},{""image"":{""id"":12},""sortOrder"":10,""id"":11,""storyBookParagraphs"":[{""originalText"":""อ้าว เป็น คุณ จระเข้ นั่นเอง"",""sortOrder"":0,""id"":11}]},{""image"":{""id"":13},""sortOrder"":11,""id"":12,""storyBookParagraphs"":[{""originalText"":""เย้ ฉัน เจอ คุณ โกมา แล้ว (ผู้ แปล: เชษฐ์ ธิดา ชิน พี ระ เสถียร)"",""sortOrder"":0,""id"":12}]}]"
2,ร่างกายของฉัน,ร่างกายของเราสร้างขึ้นจากส่วนต่างๆ แล้วแต่ละส่วนใช้ทำอะไรบ้างนะ,CREATIVE_COMMONS_CC_BY,https://www.letsreadasia.org/book/f1562b02-2883-466e-ab2e-fde46b0ee60c?bookLang=5018465005993984,LEVEL1,14,"[{""image"":{""id"":15},""sortOrder"":0,""id"":13,""storyBookParagraphs"":[{""originalText"":""นี่ คือ ร่างกาย ของ ฉัน"",""sortOrder"":0,""id"":13}]},{""image"":{""id"":16},""sortOrder"":1,""id"":14,""storyBookParagraphs"":[{""originalText"":""นี่ คือ ผม ของ ฉัน"",""sortOrder"":0,""id"":14},{""originalText"":""ผม ช่วย ปกป้อง หนัง ศรีษะ ของ ฉัน"",""sortOrder"":1,""id"":38}]},{""image"":{""id"":17},""sortOrder"":2,""id"":15,""storyBookParagraphs"":[{""originalText"":""นี่ คือ ตา ของ ฉัน"",""sortOrder"":0,""id"":15},{""originalText"":""ฉัน ใช้ ตา เพื่อ มอง ดู"",""sortOrder"":1,""id"":39}]},{""image"":{""id"":18},""sortOrder"":3,""id"":16,""storyBookParagraphs"":[{""originalText"":""นี่ คือ หู ของ ฉัน"",""sortOrder"":0,""id"":16},{""originalText"":""ฉัน ใช้ หู เพื่อ ฟัง เสียง ต่าง ๆ"",""sortOrder"":1,""id"":40}]},{""image"":{""id"":19},""sortOrder"":4,""id"":17,""storyBookParagraphs"":[{""originalText"":""นี่ คือ จมูก ของ ฉัน"",""sortOrder"":0,""id"":17},{""originalText"":""ฉัน ใช้ จมูก เพื่อ ดม กลิ่น และ หายใจ"",""sortOrder"":1,""id"":41},{""originalText"":""..."",""sortOrder"":2,""id"":42},{""originalText"":""..."",""sortOrder"":3,""id"":43}]},{""image"":{""id"":20},""sortOrder"":5,""id"":18,""storyBookParagraphs"":[{""originalText"":""นี่ คือ ปาก ของ ฉัน"",""sortOrder"":0,""id"":18},{""originalText"":""ฉัน ใช้ ปาก เพื่อ ดื่ม น้ำ"",""sortOrder"":1,""id"":44},{""originalText"":""พูด คุย"",""sortOrder"":2,""id"":45},{""originalText"":""และ กิน อาหาร"",""sortOrder"":3,""id"":46}]},{""image"":{""id"":21},""sortOrder"":6,""id"":19,""storyBookParagraphs"":[{""originalText"":""นี่ คือ ฟัน ของ ฉัน"",""sortOrder"":0,""id"":19},{""originalText"":""ฉัน ใช้ ฟัน เพื่อ บด เคี้ยว อาหาร"",""sortOrder"":1,""id"":47}]},{""image"":{""id"":22},""sortOrder"":7,""id"":20,""storyBookParagraphs"":[{""originalText"":""นี่ คือ ลิ้น ของ ฉัน"",""sortOrder"":0,""id"":20},{""originalText"":""ฉัน ใช้ ลิ้น เพื่อ ชิม รสชาติ อาหาร"",""sortOrder"":1,""id"":48}]},{""image"":{""id"":23},""sortOrder"":8,""id"":21,""storyBookParagraphs"":[{""originalText"":""นี่ คือ มือ ของ ฉัน"",""sortOrder"":0,""id"":21},{""originalText"":""ฉัน ใช้ มือ เพื่อ สัมผัส และ เขียน หนังสือ"",""sortOrder"":1,""id"":49}]},{""image"":{""id"":24},""sortOrder"":9,""id"":22,""storyBookParagraphs"":[{""originalText"":""นี่ คือ เท้า ของ ฉัน"",""sortOrder"":0,""id"":22},{""originalText"":""ฉัน ใช้ เท้า เพื่อ เดิน"",""sortOrder"":1,""id"":50},{""originalText"":""ยืน"",""sortOrder"":2,""id"":51},{""originalText"":""และ วิ่ง"",""sortOrder"":3,""id"":52}]},{""image"":{""id"":25},""sortOrder"":10,""id"":23,""storyBookParagraphs"":[{""originalText"":""แปลโดย นครียา โมราวัลย์"",""sortOrder"":0,""id"":23}]}]"
3,ไปเที่ยวเสียมราฐกันเถอะ,เด็ก ๆ ชาวกัมพูชาเจ็ดคนกำลังจะไปเที่ยวเมืองเสียมราฐกัน ใครอยากไปเที่ยวด้วยบ้างเอ่ย,CREATIVE_COMMONS_CC_BY,https://www.letsreadasia.org/book/81adfb9f-9f09-4505-8e86-3fca8e531ade?bookLang=5018465005993984,LEVEL1,26,"[{""image"":{""id"":27},""sortOrder"":0,""id"":24,""storyBookParagraphs"":[{""originalText"":""ฉัน ชื่อ ซารูน"",""sortOrder"":0,""id"":24},{""originalText"":""ฉัน มา จาก จังหวัด ตาแก้ว"",""sortOrder"":1,""id"":31}]},{""image"":{""id"":28},""sortOrder"":1,""id"":25,""storyBookParagraphs"":[{""originalText"":""ฉัน คือ ภูธร"",""sortOrder"":0,""id"":25},{""originalText"":""ฉัน มา จาก จังหวัด เกาะกง"",""sortOrder"":1,""id"":32}]},{""image"":{""id"":29},""sortOrder"":2,""id"":26,""storyBookParagraphs"":[{""originalText"":""ฉัน คือ ซอ"",""sortOrder"":0,""id"":26},{""originalText"":""ฉัน มา จาก จังหวัด กำปงจาม"",""sortOrder"":1,""id"":33}]},{""image"":{""id"":30},""sortOrder"":3,""id"":27,""storyBookParagraphs"":[{""originalText"":""ฉัน คือ ลำดวน"",""sortOrder"":0,""id"":27},{""originalText"":""ฉัน มา จาก จังหวัด กำปงธม"",""sortOrder"":1,""id"":34}]},{""image"":{""id"":31},""sortOrder"":4,""id"":28,""storyBookParagraphs"":[{""originalText"":""ฉัน ชื่อ นารัต"",""sortOrder"":0,""id"":28},{""originalText"":""ฉัน มา จาก จังหวัด พระตะบอง"",""sortOrder"":1,""id"":35}]},{""image"":{""id"":32},""sortOrder"":5,""id"":29,""storyBookParagraphs"":[{""originalText"":""ฉัน ชื่อ โกลา"",""sortOrder"":0,""id"":29},{""originalText"":""ฉัน มา จาก จังหวัด ไพลิน"",""sortOrder"":1,""id"":36}]},{""image"":{""id"":33},""sortOrder"":6,""id"":30,""storyBookParagraphs"":[{""originalText"":""พวก เรา จะ ไป จังหวัด เสีย มราฐ กัน"",""sortOrder"":0,""id"":30},{""originalText"":""พวก เรา มีความ สุข มาก เลย ละ"",""sortOrder"":1,""id"":37}]}]"
4,ร้องเพลงในสายฝน,กาก้าเป็นนักร้อง ดีโนเป็นแฟนตัวยง!,CREATIVE_COMMONS_CC_BY,https://www.letsreadasia.org/book/a9c8c199-0bf4-4a87-b20f-e93b77b6bac1?bookLang=5018465005993984,LEVEL2,34,"[{""image"":{""id"":35},""sortOrder"":0,""id"":31,""storyBookParagraphs"":[{""originalText"":""กาก้า อาศัย ใน ดิน แดน ที่ แห้ง แล้ง"",""sortOrder"":0,""id"":54},{""originalText"":""เขา เป็น นัก ร้อง"",""sortOrder"":1,""id"":61},{""originalText"":""กาก้า ไป ยัง หมู่บ้าน"",""sortOrder"":2,""id"":62},{""originalText"":""เขา ร้อง เพลง ใน งาน ปาร์ตี้ ต่างๆ"",""sortOrder"":3,""id"":63},{""originalText"":""วัน หนึ่ง"",""sortOrder"":4,""id"":64},{""originalText"":""กาก้า ไป ยัง หมู่บ้าน ใหม่"",""sortOrder"":5,""id"":65}]},{""image"":{""id"":36},""sortOrder"":1,""id"":32,""storyBookParagraphs"":[{""originalText"":""เขา เดิน"",""sortOrder"":0,""id"":55},{""originalText"":""เขา ร้อง"",""sortOrder"":1,""id"":66},{""originalText"":""เพลง ของ เขา คือ"",""sortOrder"":2,""id"":67},{""originalText"":""มา หา ฉัน เถอะ"",""sortOrder"":3,""id"":68},{""originalText"":""เจ้า ก้อน เมฆ!"",""sortOrder"":4,""id"":69}]},{""image"":{""id"":37},""sortOrder"":2,""id"":33,""storyBookParagraphs"":[{""originalText"":""กาก้า ได้ยิน เสียง!"",""sortOrder"":0,""id"":56},{""originalText"":""ปับ, ปับ, ปับ!"",""sortOrder"":1,""id"":70},{""originalText"":""ใคร ทำ จังหวะ นี้ กัน นะ"",""sortOrder"":2,""id"":71},{""originalText"":""เจ้า ไดโนเสาร์ ดีโน่นั่ นเอง!"",""sortOrder"":3,""id"":72},{""originalText"":""กาก้า ดีใจ มาก ได้ เจอ ดีโน่"",""sortOrder"":4,""id"":73}]},{""image"":{""id"":38},""sortOrder"":3,""id"":34,""storyBookParagraphs"":[{""originalText"":""ดีโน่ ก็ ชอบ เพลง เหมือน กัน!"",""sortOrder"":0,""id"":57},{""originalText"":""กาก้า และ ดีโน่ ร้อง และ เต้น"",""sortOrder"":1,""id"":74},{""originalText"":""มา หา ฉัน ถอะ!"",""sortOrder"":2,""id"":75},{""originalText"":""เจ้า ก้อน เมฆ"",""sortOrder"":3,""id"":76},{""originalText"":""ให้ น้ำ ฝน แก่ ฉัน!"",""sortOrder"":4,""id"":77}]},{""image"":{""id"":39},""sortOrder"":4,""id"":35,""storyBookParagraphs"":[{""originalText"":""ก้อน เมฆ ได้ยิน เสียง เพลง"",""sortOrder"":0,""id"":58},{""originalText"":""ก้อน เมฆ เคลื่อน ต่ำ ลงมา"",""sortOrder"":1,""id"":78},{""originalText"":""กาก้า และ ดีโน่ ดีใจ"",""sortOrder"":2,""id"":79},{""originalText"":""ก้อน เมฆ ดู ตลก จัง!"",""sortOrder"":3,""id"":80}]},{""image"":{""id"":40},""sortOrder"":5,""id"":36,""storyBookParagraphs"":[{""originalText"":""ฝน ตกลง มา"",""sortOrder"":0,""id"":59},{""originalText"":""พวก เขา แบ่ง ร่ม กัน ใช้"",""sortOrder"":1,""id"":81},{""originalText"":""พวก เขา เดิน ไป ใน หมู่บ้าน"",""sortOrder"":2,""id"":82},{""originalText"":""แล้ว พวก เขา ก็ร้อง เพลง"",""sortOrder"":3,""id"":83},{""originalText"":""ขอบคุณ สาย ฝน!"",""sortOrder"":4,""id"":84}]},{""image"":{""id"":41},""sortOrder"":6,""id"":37,""storyBookParagraphs"":[{""originalText"":""เธอ เคย เห็น ไดโนเสาร์ ไหม"",""sortOrder"":0,""id"":60},{""originalText"":""เธอ คิด ว่า มัน ร้อง เพลง ได้ ไหม"",""sortOrder"":1,""id"":85},{""originalText"":""เธอ ชอบ ทำ อะไร ท่ามกลาง สาย ฝน"",""sortOrder"":2,""id"":86}]}]"
5,ใครคือเพื่อนของเรากันนะ,นกเป็นเพื่อนที่สำคัญของสัตว์มากมาย นี่คือสิ่งที่นกช่วยสัตว์ตัวอื่นๆ,CREATIVE_COMMONS_CC_BY,https://www.letsreadasia.org/book/ea3672c8-3049-472a-8baa-90a9e8b9efc0?bookLang=5018465005993984,LEVEL3,42,"[{""image"":{""id"":43},""sortOrder"":0,""id"":38,""storyBookParagraphs"":[{""originalText"":""เธอ เดา ได้ ไหม ว่า ใคร คือ เพื่อน ที่ ดี ที่สุด ของ เรา?"",""sortOrder"":0,""id"":87},{""originalText"":""เขา ดู ไม่ เหมือน พวก เรา เลย นะ"",""sortOrder"":1,""id"":88}]},{""image"":{""id"":44},""sortOrder"":1,""id"":39,""storyBookParagraphs"":[{""originalText"":""เพื่อน ที่ ดี ที่สุด ของ พวก เรา คือ นก!"",""sortOrder"":0,""id"":89}]},{""image"":{""id"":45},""sortOrder"":2,""id"":40,""storyBookParagraphs"":[{""originalText"":""ฉัน คือ แรด"",""sortOrder"":0,""id"":90},{""originalText"":""ฉัน มี เห็บ ปกคลุม อยู่ ทั่ว ตัว ฉัน"",""sortOrder"":1,""id"":91}]},{""image"":{""id"":46},""sortOrder"":3,""id"":41,""storyBookParagraphs"":[{""originalText"":""นก จะ ช่วย กิน เห็บ เหล่า นี้ จน หมด"",""sortOrder"":0,""id"":92}]},{""image"":{""id"":47},""sortOrder"":4,""id"":42,""storyBookParagraphs"":[{""originalText"":""ฉัน คือ จระเข้"",""sortOrder"":0,""id"":93},{""originalText"":""ฉัน แปรง ฟัน เอง ไม่ ได้"",""sortOrder"":1,""id"":94}]},{""image"":{""id"":48},""sortOrder"":5,""id"":43,""storyBookParagraphs"":[{""originalText"":""นก จะ มา จิก ทำความ สะอาด ฟัน ของ ฉัน"",""sortOrder"":0,""id"":95}]},{""image"":{""id"":49},""sortOrder"":6,""id"":44,""storyBookParagraphs"":[{""originalText"":""ฉัน คือ ยีราฟ"",""sortOrder"":0,""id"":96},{""originalText"":""ฉัน เกา หัว ตัว เอง ไม่ ได้"",""sortOrder"":1,""id"":97}]},{""image"":{""id"":50},""sortOrder"":7,""id"":45,""storyBookParagraphs"":[{""originalText"":""นก จะ ช่วย เกา ตรง จุด ที่ คัน ได้ ถูก ต้อง"",""sortOrder"":0,""id"":98}]},{""image"":{""id"":51},""sortOrder"":8,""id"":46,""storyBookParagraphs"":[{""originalText"":""ฉัน คือ ม้าลาย"",""sortOrder"":0,""id"":99},{""originalText"":""ฉัน ไม่ สามารถ มอง ไกล ได้"",""sortOrder"":1,""id"":100}]},{""image"":{""id"":52},""sortOrder"":9,""id"":47,""storyBookParagraphs"":[{""originalText"":""นก มี สายตา ที่ ดี มาก, ดัง นั้น เมื่อ มี นก คอย มอง ทาง ให้, ฉัน ก็ ปลอดภัย"",""sortOrder"":0,""id"":101}]},{""image"":{""id"":53},""sortOrder"":10,""id"":48,""storyBookParagraphs"":[{""originalText"":""นก อาจ จะ ไม่ เหมือน เรา, แต นั่น ไม่ใช่ ปัญหา..."",""sortOrder"":0,""id"":102}]},{""image"":{""id"":54},""sortOrder"":11,""id"":49,""storyBookParagraphs"":[{""originalText"":""พวก เรา ไม่ รังเกียจ ที่ เขา จะ ส่ง เสียง ร้อง เพลง!"",""sortOrder"":0,""id"":103}]},{""image"":{""id"":55},""sortOrder"":12,""id"":50,""storyBookParagraphs"":[{""originalText"":""เธอ จะ มา เป็น เพื่อน ฉัน ไหม?"",""sortOrder"":0,""id"":104}]},{""image"":{""id"":56},""sortOrder"":13,""id"":51,""storyBookParagraphs"":[]}]"
6,ใครตัวสูง ใครตัวเตี้ย,"บอกได้ไหมเอ่ย ในครอบครัวนี้มีใครตัวสูงและตัวเตี้ยบ้าง หนังสือเล่มนี้สอนเด็ก ๆ เรื่อง ""ความสูงและความเตี้ย"" ซึ่งเป็นคำตรงข้ามกัน โดยใช้คนในครอบครัวของเด็กคนหนึ่งเป็นตัวอย่าง",CREATIVE_COMMONS_CC_BY,https://www.letsreadasia.org/book/77a15d9f-edeb-45e4-ae25-36f4d57f18b2?bookLang=5018465005993984,LEVEL1,57,"[{""image"":{""id"":58},""sortOrder"":0,""id"":52,""storyBookParagraphs"":[{""originalText"":""พ่อ หยิบ หมวก ให้ ฉัน"",""sortOrder"":0,""id"":105}]},{""image"":{""id"":59},""sortOrder"":1,""id"":53,""storyBookParagraphs"":[{""originalText"":""พ่อ ตัว สูง"",""sortOrder"":0,""id"":106}]},{""image"":{""id"":60},""sortOrder"":2,""id"":54,""storyBookParagraphs"":[{""originalText"":""แม่ หยิบ เสื้อ ให้ ฉัน"",""sortOrder"":0,""id"":107}]},{""image"":{""id"":61},""sortOrder"":3,""id"":55,""storyBookParagraphs"":[{""originalText"":""พ่อ ตัว สูง กว่า แม่"",""sortOrder"":0,""id"":108}]},{""image"":{""id"":62},""sortOrder"":4,""id"":56,""storyBookParagraphs"":[{""originalText"":""พี่ สาว หยิบ หนังสือ ให้ ฉัน"",""sortOrder"":0,""id"":109}]},{""image"":{""id"":63},""sortOrder"":5,""id"":57,""storyBookParagraphs"":[{""originalText"":""แม่ ตัว สูง กว่า พี่ สาว"",""sortOrder"":0,""id"":110}]},{""image"":{""id"":64},""sortOrder"":6,""id"":58,""storyBookParagraphs"":[{""originalText"":""พี่ ชาย หยิบ กระเป๋า ให้ ฉัน"",""sortOrder"":0,""id"":111}]},{""image"":{""id"":65},""sortOrder"":7,""id"":59,""storyBookParagraphs"":[{""originalText"":""พี่ สาว ตัว สูง กว่า พี่ ชาย"",""sortOrder"":0,""id"":112}]},{""image"":{""id"":66},""sortOrder"":8,""id"":60,""storyBookParagraphs"":[{""originalText"":""ส่วน พี่ ชาย ตัว สูง กว่า ฉัน"",""sortOrder"":0,""id"":113}]},{""image"":{""id"":67},""sortOrder"":9,""id"":61,""storyBookParagraphs"":[{""originalText"":""ฉัน ตัว เตี้ย ที่สุด ใน บ้าน เลย"",""sortOrder"":0,""id"":114}]},{""image"":{""id"":68},""sortOrder"":10,""id"":62,""storyBookParagraphs"":[{""originalText"":""โอ๊ะ!"",""sortOrder"":0,""id"":115},{""originalText"":""ยัง มี หมา น้อย โจโจ้ ด้วย นี่"",""sortOrder"":1,""id"":124}]},{""image"":{""id"":69},""sortOrder"":11,""id"":63,""storyBookParagraphs"":[{""originalText"":""โจโจ้ คาบ รองเท้า มา ให้ ฉัน"",""sortOrder"":0,""id"":116}]},{""image"":{""id"":70},""sortOrder"":12,""id"":64,""storyBookParagraphs"":[{""originalText"":""ฮ่า ฮ่า!"",""sortOrder"":0,""id"":117},{""originalText"":""โจโจ้ ตัว เตี้ย ที่สุด เลย"",""sortOrder"":1,""id"":125}]},{""image"":{""id"":71},""sortOrder"":13,""id"":65,""storyBookParagraphs"":[{""originalText"":""ใช่ แล้ว!"",""sortOrder"":0,""id"":118},{""originalText"":""โจโจ้ ตัว เตี้ย กว่า ฉัน"",""sortOrder"":1,""id"":126}]},{""image"":{""id"":72},""sortOrder"":14,""id"":66,""storyBookParagraphs"":[{""originalText"":""ฉัน ตัว เตี้ย กว่า พี่ ชาย"",""sortOrder"":0,""id"":119}]},{""image"":{""id"":73},""sortOrder"":15,""id"":67,""storyBookParagraphs"":[{""originalText"":""พี่ ชาย ตัว เตี้ย กว่า พี่ สาว"",""sortOrder"":0,""id"":120}]},{""image"":{""id"":74},""sortOrder"":16,""id"":68,""storyBookParagraphs"":[{""originalText"":""พี่ สาว ตัว เตี้ย กว่า แม่"",""sortOrder"":0,""id"":121}]},{""image"":{""id"":75},""sortOrder"":17,""id"":69,""storyBookParagraphs"":[{""originalText"":""แม่ ตัว เตี้ย กว่า พ่อ"",""sortOrder"":0,""id"":122}]},{""image"":{""id"":76},""sortOrder"":18,""id"":70,""storyBookParagraphs"":[{""originalText"":""โอ้โฮ!"",""sortOrder"":0,""id"":123},{""originalText"":""พ่อ ตัว สูง ที่สุด"",""sortOrder"":1,""id"":127},{""originalText"":""ส่วน โจโจ้ ตัว เตี้ย ที่สุด เลย"",""sortOrder"":2,""id"":128}]},{""image"":{""id"":77},""sortOrder"":19,""id"":71,""storyBookParagraphs"":[]}]"
7,งานเทศกาลเสื้อกั๊ก,มาสนุกกับแสง สี เสียง และรสชาติของงานเทศกาลเสื้อกั๊กกันดีกว่า,CREATIVE_COMMONS_CC_BY_NC,https://www.letsreadasia.org/book/376896c7-b7de-40ee-83c3-d11e5bf68e19?bookLang=5018465005993984,LEVEL1,78,"[{""image"":{""id"":79},""sortOrder"":0,""id"":72,""storyBookParagraphs"":[{""originalText"":""ซานี ซานี!"",""sortOrder"":0,""id"":129},{""originalText"":""เดี๋ยว วัน นี้ เรา กลับ บ้าน ไป พัก"",""sortOrder"":1,""id"":130},{""originalText"":""แล้ว ค่อย มา ดู เสื้อ กั๊ก"",""sortOrder"":2,""id"":131},{""originalText"":""กัน อีก ที ปี หน้า เนอะ"",""sortOrder"":3,""id"":132}]}]"
8,ราชินีแห่งจักรยานเสือภูเขา,หมีน้อยนูนูชอบปั่นจักรยานเสือภูเขา แต่เมื่อสมัครลงแข่งขันรายการใหญ่ กลับถูกพวกลูกหมีผู้ชายหัวเราะเยาะ เธอจะลบคำสบประมาทและเอาชนะการแข่งขันได้หรือไม่ มาเอาใจช่วยไปพร้อม ๆ กัน,CREATIVE_COMMONS_CC_BY_NC,https://www.letsreadasia.org/book/2e8d7a00-fd62-4420-902b-a0f4763163cf?bookLang=5018465005993984,LEVEL1,80,"[{""image"":{""id"":81},""sortOrder"":0,""id"":73,""storyBookParagraphs"":[{""originalText"":""นู นู เป็น ลูก หมี"",""sortOrder"":0,""id"":133},{""originalText"":""เธอ ชอบ ปั่น จักรยาน เสือ ภูเขา"",""sortOrder"":1,""id"":145}]},{""image"":{""id"":82},""sortOrder"":1,""id"":74,""storyBookParagraphs"":[{""originalText"":""วัน หนึ่ง"",""sortOrder"":0,""id"":134},{""originalText"":""นู นู ได้ยิน ประกาศ ว่า จะ มี การ จัด งาน แข่ง จักรยาน เสือ ภูเขา สำหรับ ลูก หมี"",""sortOrder"":1,""id"":146}]},{""image"":{""id"":83},""sortOrder"":2,""id"":75,""storyBookParagraphs"":[{""originalText"":""นู นู อยาก ลอง ดู สัก ตั้ง"",""sortOrder"":0,""id"":135},{""originalText"":""จึง สมัคร เข้า ร่วม แข่งขัน"",""sortOrder"":1,""id"":147}]},{""image"":{""id"":84},""sortOrder"":3,""id"":76,""storyBookParagraphs"":[{""originalText"":""นู นู อยาก ยอม แพ้"",""sortOrder"":0,""id"":136},{""originalText"":""แต่ คำ พูด ให้ กำลัง ใจ ของ ลูก หมี ตัว น้อย แวบ เข้า มา ใน หัว เธอ"",""sortOrder"":1,""id"":148}]},{""image"":{""id"":85},""sortOrder"":4,""id"":77,""storyBookParagraphs"":[{""originalText"":""หลัง จาก นั้น นู นู ตั้งใจ ว่า จะ ต้อง ชนะ การ แข่งขัน ให้ ได้"",""sortOrder"":0,""id"":137},{""originalText"":""เธอ จึง ฝึก ซ้อม หนัก ขึ้น"",""sortOrder"":1,""id"":149}]},{""image"":{""id"":86},""sortOrder"":5,""id"":78,""storyBookParagraphs"":[{""originalText"":""ใน ที่สุด ก็ ถึง วัน แข่งขัน"",""sortOrder"":0,""id"":138},{""originalText"":""1! 2! 3! ไป!"",""sortOrder"":1,""id"":150}]},{""image"":{""id"":87},""sortOrder"":6,""id"":79,""storyBookParagraphs"":[{""originalText"":""ตอน แรก"",""sortOrder"":0,""id"":139},{""originalText"":""เหล่า ลูก หมี ผู้ชาย ปั่น จักรยาน ขึ้น นำ ไป ตาม เคย"",""sortOrder"":1,""id"":151}]},{""image"":{""id"":88},""sortOrder"":7,""id"":80,""storyBookParagraphs"":[{""originalText"":""แต่ หลัง จาก นั้น พอ พวก เขา เริ่ม หมด แรง"",""sortOrder"":0,""id"":140},{""originalText"":""นู นู ก็ ปั่น ไล่ ขึ้น มา จน แซง หน้า ไป"",""sortOrder"":1,""id"":152}]},{""image"":{""id"":89},""sortOrder"":8,""id"":81,""storyBookParagraphs"":[{""originalText"":""แต่ ขณะ ปั่น ลง เขา บน ทาง แคบ ๆ"",""sortOrder"":0,""id"":141},{""originalText"":""จักรยาน ของ นูนู ก็ เสีย หลัก ล้ม ลง"",""sortOrder"":1,""id"":153}]},{""image"":{""id"":90},""sortOrder"":9,""id"":82,""storyBookParagraphs"":[{""originalText"":""เหล่า ลูก หมี ผู้ชาย ขึ้น นำ อีก ครั้ง"",""sortOrder"":0,""id"":142},{""originalText"":""นูนู จึง เริ่ม หมด หวัง"",""sortOrder"":1,""id"":154}]},{""image"":{""id"":91},""sortOrder"":10,""id"":83,""storyBookParagraphs"":[{""originalText"":""ทันใด นั้น"",""sortOrder"":0,""id"":143},{""originalText"":""นูนู ก็ คิด วิธี ดี ๆ ขึ้น ได้"",""sortOrder"":1,""id"":155}]},{""image"":{""id"":92},""sortOrder"":11,""id"":84,""storyBookParagraphs"":[{""originalText"":""นับ จาก นั้น"",""sortOrder"":0,""id"":144},{""originalText"":""ทุก คน ต่าง ก็ ยกย่อง ให้ นูนู เป็น ราชินี แห่ง จักรยาน เสือ ภูเขา"",""sortOrder"":1,""id"":156}]}]"
9,สัตว์ป่าเต้นรำ,สัตว์ป่าจะรู้จักการเต้นรำไหมนะ หนูๆ คิดว่ามันเต้นเป็นหรือเปล่า,CREATIVE_COMMONS_CC_BY,https://www.letsreadasia.org/book/807b59a5-2da5-463b-9b28-26acbad6384a?bookLang=5018465005993984,LEVEL1,93,"[{""image"":{""id"":94},""sortOrder"":0,""id"":85,""storyBookParagraphs"":[{""originalText"":""ถ้า นก กระยาง เต้น เป็น"",""sortOrder"":0,""id"":157},{""originalText"":""มัน จะ เต้น ด้วย ขา เดียว"",""sortOrder"":1,""id"":166}]},{""image"":{""id"":95},""sortOrder"":1,""id"":86,""storyBookParagraphs"":[{""originalText"":""ถ้า ม้า เต้น เป็น"",""sortOrder"":0,""id"":158},{""originalText"":""มัน จะ เต้น สอง ขา"",""sortOrder"":1,""id"":167}]},{""image"":{""id"":96},""sortOrder"":2,""id"":87,""storyBookParagraphs"":[{""originalText"":""ถ้า ช้าง เต้น เป็น"",""sortOrder"":0,""id"":159},{""originalText"":""มัน จะ เต้น ส่าย ขา"",""sortOrder"":1,""id"":168}]},{""image"":{""id"":97},""sortOrder"":3,""id"":88,""storyBookParagraphs"":[{""originalText"":""ถ้า ตัว นาก เต้น เป็น"",""sortOrder"":0,""id"":160},{""originalText"":""มัน จะ เต้น กระโดด ดึ๋งๆ"",""sortOrder"":1,""id"":169}]},{""image"":{""id"":98},""sortOrder"":4,""id"":89,""storyBookParagraphs"":[{""originalText"":""ถ้า ไก่ เต้น เป็น"",""sortOrder"":0,""id"":161},{""originalText"":""มัน จะ เต้น สะบัด ว่องไว"",""sortOrder"":1,""id"":170}]},{""image"":{""id"":99},""sortOrder"":5,""id"":90,""storyBookParagraphs"":[{""originalText"":""ถ้า งู เต้น เป็น"",""sortOrder"":0,""id"":162},{""originalText"":""มัน จะ เต้น พลิ้ว สวย"",""sortOrder"":1,""id"":171}]},{""image"":{""id"":100},""sortOrder"":6,""id"":91,""storyBookParagraphs"":[{""originalText"":""ถ้า นก ฮูก เต้น เป็น"",""sortOrder"":0,""id"":163},{""originalText"":""มัน จะ เต้น เป็น วงกลม"",""sortOrder"":1,""id"":172}]},{""image"":{""id"":101},""sortOrder"":7,""id"":92,""storyBookParagraphs"":[{""originalText"":""และ ทุก ตัว มี ความ สุข เวลา ได้ เต้น"",""sortOrder"":0,""id"":164}]},{""image"":{""id"":102},""sortOrder"":8,""id"":93,""storyBookParagraphs"":[{""originalText"":""..."",""sortOrder"":0,""id"":165}]}]"
10,กระรอกน้อยไปโรงเรียน,น้องตรังอาศัยอยู่ในหมู่บ้านบนเขากับกระรอกน้อยเพื่อนรัก วันหนึ่งเธอชวนกระรอกน้อยไปโรงเรียนด้วยกัน แต่กระรอกน้อยคิดว่าโรงเรียนไม่น่าสนุกเลย แถมยังไกลจากหมู่บ้านอีกต่างหาก แล้วอย่างนี้กระรอกน้อยจะยอมไปโรงเรียนกับเพื่อนซี้ไหมนะ,CREATIVE_COMMONS_CC_BY,https://www.letsreadasia.org/book/be115a44-d8d9-4836-b8c5-545dda208c5c?bookLang=5018465005993984,LEVEL2,103,"[{""image"":{""id"":104},""sortOrder"":0,""id"":94,""storyBookParagraphs"":[{""originalText"":""กระรอก น้อย กับ น้อง ตรัง เป็น เพื่อน ซี้ กัน"",""sortOrder"":0,""id"":173},{""originalText"":""ทั้ง คู่ เล่น ด้วย กัน ทุก วัน"",""sortOrder"":1,""id"":191}]},{""image"":{""id"":105},""sortOrder"":1,""id"":95,""storyBookParagraphs"":[{""originalText"":""สอง เพื่อน ซี้ มี ช่วง เวลา ดี ๆ ด้วย กัน เสมอ"",""sortOrder"":0,""id"":174}]},{""image"":{""id"":106},""sortOrder"":2,""id"":96,""storyBookParagraphs"":[{""originalText"":""เย็น วัน หนึ่ง"",""sortOrder"":0,""id"":175},{""originalText"":""น้อง ตรัง ชวน กระรอก น้อย ไป โรงเรียน ด้วย กัน กับ เธอ"",""sortOrder"":1,""id"":192}]},{""image"":{""id"":107},""sortOrder"":3,""id"":97,""storyBookParagraphs"":[{""originalText"":""แต่ กระรอก น้อย กลัว ถ้า จะ ต้อง ออก ไป นอก หมู่บ้าน"",""sortOrder"":0,""id"":176},{""originalText"":""โรงเรียน ช่าง อยู่ ไกล เหลือ เกิน"",""sortOrder"":1,""id"":193}]},{""image"":{""id"":108},""sortOrder"":4,""id"":98,""storyBookParagraphs"":[{""originalText"":""ถึง อย่าง นั้น กระรอก น้อย ก็ ตัดสิน ใจ จะ ไป ด้วย"",""sortOrder"":0,""id"":177},{""originalText"":""เพราะ น้อง ตรัง"",""sortOrder"":1,""id"":194},{""originalText"":""เพื่อน ซี้ ของ มัน เป็น คน ชวน"",""sortOrder"":2,""id"":195},{""originalText"":""วัน รุ่ง ขึ้น ก่อน ฟ้า สว่าง"",""sortOrder"":3,""id"":196},{""originalText"":""ทั้ง สอง จึง เริ่ม ออก เดิน ทาง ไป ด้วย กัน"",""sortOrder"":4,""id"":197}]},{""image"":{""id"":109},""sortOrder"":5,""id"":99,""storyBookParagraphs"":[{""originalText"":""จู่ ๆ กระรอก น้อย ก็ร้อง ขึ้น ด้วย ความ กลัว"",""sortOrder"":0,""id"":178},{""originalText"":""ช่วย ด้วย!"",""sortOrder"":1,""id"":198},{""originalText"":""สัตว์ ร้าย เต็ม เลย!"",""sortOrder"":2,""id"":199}]},{""image"":{""id"":110},""sortOrder"":6,""id"":100,""storyBookParagraphs"":[{""originalText"":""น้อง ตรัง ฉาย ไฟฉาย ไป ทาง พุ่ม ไม้"",""sortOrder"":0,""id"":179},{""originalText"":""พอ เจ้า กระรอก น้อย เห็น ว่าที่ จริง แล้ว สัตว์ ร้าย เหล่า นั้น เป็น แค่ ก้อน หิน"",""sortOrder"":1,""id"":200},{""originalText"":""มัน ก็ สบายใจ ขึ้น"",""sortOrder"":2,""id"":201}]},{""image"":{""id"":111},""sortOrder"":7,""id"":101,""storyBookParagraphs"":[{""originalText"":""เพื่อน ซี้ ทั้ง สอง เดิน ทาง ต่อ จน มา เจอ แม่น้ำ เชี่ยว กราก"",""sortOrder"":0,""id"":180},{""originalText"":""กระรอก น้อย รีบ ร้อง บอก น้อง ตรัง ว่า"",""sortOrder"":1,""id"":202},{""originalText"":""\""เรา กลับ กัน ดี กว่า นะ!\"""",""sortOrder"":2,""id"":203}]},{""image"":{""id"":112},""sortOrder"":8,""id"":102,""storyBookParagraphs"":[{""originalText"":""ใน ที่สุด น้อง ตรัง ก็ เจอ ทาง เดิน ก้อน หิน ทอด ข้าม ไป ยัง อีก ฝั่ง แม่น้ำ"",""sortOrder"":0,""id"":181},{""originalText"":""เธอ เดิน บน ก้อน หิน ไป โดย มี เจ้า กระรอก น้อย อยู่ ใน กระเป๋า"",""sortOrder"":1,""id"":204},{""originalText"":""มัน ร้อง เสียง หลง ทุก ครั้ง ที่ เธอ ข้าม ก้อน หิน แต่ละ ก้อน"",""sortOrder"":2,""id"":205}]},{""image"":{""id"":113},""sortOrder"":9,""id"":103,""storyBookParagraphs"":[{""originalText"":""\""แต่ พระอาทิตย์ ขึ้น แล้ว นะ\"""",""sortOrder"":0,""id"":182},{""originalText"":""น้อง ตรัง ตอบ"",""sortOrder"":1,""id"":206},{""originalText"":""\""อีก เดี๋ยว ตัว เธอ ก็ แห้ง แล้ว ละ\"""",""sortOrder"":2,""id"":207}]},{""image"":{""id"":114},""sortOrder"":10,""id"":104,""storyBookParagraphs"":[{""originalText"":""\""ฉัน รัก ทุ่ง หญ้า นี่ จัง!\"""",""sortOrder"":0,""id"":183},{""originalText"":""กระรอก น้อย บอก"",""sortOrder"":1,""id"":208},{""originalText"":""\""เรา อย่า ไป โรงเรียน เลย\"""",""sortOrder"":2,""id"":209},{""originalText"":""\""อยู่ เล่น ด้วย กัน ที่ นี่ ดี กว่า\"""",""sortOrder"":3,""id"":210}]},{""image"":{""id"":115},""sortOrder"":11,""id"":105,""storyBookParagraphs"":[{""originalText"":""\""แต่ โรงเรียน สนุก กว่า ที่ นี่ อีก นะ, กระรอก น้อย\"""",""sortOrder"":0,""id"":184},{""originalText"":""น้องตรังบอก"",""sortOrder"":1,""id"":211},{""originalText"":""\""ไปกันเถอะ!\"""",""sortOrder"":2,""id"":212}]},{""image"":{""id"":116},""sortOrder"":12,""id"":106,""storyBookParagraphs"":[{""originalText"":""\""ไม่!\"""",""sortOrder"":0,""id"":185},{""originalText"":""กระรอกน้อยปฏิเสธ"",""sortOrder"":1,""id"":213},{""originalText"":""\""ฉันไม่ไปหรอก!\"""",""sortOrder"":2,""id"":214}]},{""image"":{""id"":117},""sortOrder"":13,""id"":107,""storyBookParagraphs"":[{""originalText"":""\""โรงเรียนอยู่อีกตั้งไกลแน่ะ\"""",""sortOrder"":0,""id"":186},{""originalText"":""\""อย่าบังคับฉันเลยนะ!\"""",""sortOrder"":1,""id"":215}]},{""image"":{""id"":118},""sortOrder"":14,""id"":108,""storyBookParagraphs"":[{""originalText"":""\""กระรอกน้อย!\"""",""sortOrder"":0,""id"":187},{""originalText"":""น้องตรังเรียก"",""sortOrder"":1,""id"":216},{""originalText"":""\""ดูนั่นสิ!\"""",""sortOrder"":2,""id"":217}]},{""image"":{""id"":119},""sortOrder"":15,""id"":109,""storyBookParagraphs"":[{""originalText"":""\""เรามาถึงแล้ว!\"""",""sortOrder"":0,""id"":188}]},{""image"":{""id"":120},""sortOrder"":16,""id"":110,""storyBookParagraphs"":[{""originalText"":""\""เพื่อน ๆ ของเราอยู่ที่นี่กันหมดเลยแฮะ!\"""",""sortOrder"":0,""id"":189},{""originalText"":""กระรอกน้อยแทบไม่เชื่อสายตาตัวเอง"",""sortOrder"":1,""id"":218}]},{""image"":{""id"":121},""sortOrder"":17,""id"":111,""storyBookParagraphs"":[{""originalText"":""\""เจ๋งสุด ๆ เลย!\"""",""sortOrder"":0,""id"":190}]},{""image"":{""id"":122},""sortOrder"":18,""id"":112,""storyBookParagraphs"":[]}]"
11,แก็บปูเต้นไม่เป็น,ทุกคนในห้องเรียนรู้ว่าแก็บปูเต้นไม่เป็น เมื่อครูสอนในห้องเธอก็ทำไม่เหมือนกับที่ครูสอน เธอจะรอดไหมนี่,CREATIVE_COMMONS_CC_BY,https://storyweaver.org.in/en/stories/50733-gappu-ten-mai-pen,LEVEL1,123,"[{""image"":{""id"":124},""sortOrder"":0,""id"":113,""storyBookParagraphs"":[]},{""image"":{""id"":125},""sortOrder"":1,""id"":114,""storyBookParagraphs"":[{""originalText"":""คุณครูแสดงการเต้นให้กับนักเรียนห้อง 1A ในคาบเรียนกิจกรรมวันพุธ"",""sortOrder"":0,""id"":219},{""originalText"":""..."",""sortOrder"":1,""id"":220},{""originalText"":""..."",""sortOrder"":2,""id"":221}]},{""image"":{""id"":126},""sortOrder"":2,""id"":115,""storyBookParagraphs"":[{""originalText"":""ติตึง ติติตึง ติตึง \""เอาละ ยกแขนซ้ายสูงขึ้นแบบนี้\"""",""sortOrder"":0,""id"":222},{""originalText"":""..."",""sortOrder"":1,""id"":223},{""originalText"":""..."",""sortOrder"":2,""id"":224}]},{""image"":{""id"":127},""sortOrder"":3,""id"":116,""storyBookParagraphs"":[{""originalText"":""อ้าว! แก็บปูกลับยกแขนขวาขึ้น นี่แก็บปูเต้นไม่เป็นหรือไง"",""sortOrder"":0,""id"":225},{""originalText"":""..."",""sortOrder"":1,""id"":226},{""originalText"":""..."",""sortOrder"":2,""id"":227}]},{""image"":{""id"":128},""sortOrder"":4,""id"":117,""storyBookParagraphs"":[{""originalText"":""ตะตึง ตะตึง ตะตึง \""วิ่งให้เร็วๆ รอบๆ ห้อง\"""",""sortOrder"":0,""id"":228},{""originalText"":""..."",""sortOrder"":1,""id"":229},{""originalText"":""..."",""sortOrder"":2,""id"":230}]},{""image"":{""id"":129},""sortOrder"":5,""id"":118,""storyBookParagraphs"":[{""originalText"":""อ้าว! แก็บปูเธอวิ่งช้าเกินไป นี่แก็บปูเต้นไม่เป็นหรือไง"",""sortOrder"":0,""id"":231},{""originalText"":""..."",""sortOrder"":1,""id"":232},{""originalText"":""..."",""sortOrder"":2,""id"":233}]},{""image"":{""id"":130},""sortOrder"":6,""id"":119,""storyBookParagraphs"":[{""originalText"":""ตะแต๊ก ตะแต๊ก ตะแต๊ก \""เอาล่ะ ทุกคนกระโดดๆ\"""",""sortOrder"":0,""id"":234},{""originalText"":""..."",""sortOrder"":1,""id"":235},{""originalText"":""..."",""sortOrder"":2,""id"":236}]},{""image"":{""id"":131},""sortOrder"":7,""id"":120,""storyBookParagraphs"":[{""originalText"":""อ้าว! แก็บปูเธอกลับนั่งลง นี่แก็บปูเต้นไม่เป็นหรือไง"",""sortOrder"":0,""id"":237},{""originalText"":""..."",""sortOrder"":1,""id"":238},{""originalText"":""..."",""sortOrder"":2,""id"":239}]},{""image"":{""id"":132},""sortOrder"":8,""id"":121,""storyBookParagraphs"":[{""originalText"":""ตึกตะตึก ตึกตะตึก \""ยกเท้าขวาไปด้านหลัง\"""",""sortOrder"":0,""id"":240},{""originalText"":""..."",""sortOrder"":1,""id"":241},{""originalText"":""..."",""sortOrder"":2,""id"":242}]},{""image"":{""id"":133},""sortOrder"":9,""id"":122,""storyBookParagraphs"":[{""originalText"":""อ้าว! แก็บปูกับยกเท้าขวาไปด้านหน้า นี่แก็บปูเต้นไม่เป็นหรือไง"",""sortOrder"":0,""id"":243},{""originalText"":""..."",""sortOrder"":1,""id"":244},{""originalText"":""..."",""sortOrder"":2,""id"":245}]},{""image"":{""id"":134},""sortOrder"":10,""id"":123,""storyBookParagraphs"":[{""originalText"":""ทุกคนต่างหัวเราะและชี้ไปที่แก็บปูที่ทำไม่ถูก แต่คุณครูรู้ว่าจะต้องทำอย่างไร เธอบอกกับนักเรียนทุกคนในห้องว่า \""เอาล่ะ ทุกคนทำตามแก็บปู\"""",""sortOrder"":0,""id"":246},{""originalText"":""..."",""sortOrder"":1,""id"":247},{""originalText"":""..."",""sortOrder"":2,""id"":248}]},{""image"":{""id"":135},""sortOrder"":11,""id"":124,""storyBookParagraphs"":[{""originalText"":""ติตึง ติติตึง ติตึง บ้างยกแขนสูง บ้างก็เอาแขนลง"",""sortOrder"":0,""id"":249},{""originalText"":""ตะตึง ตะตึง ตะตึง บ้างก็วิ่งเร็ว บ้างก็วิ่งช้า ไปรอบๆ ห้อง"",""sortOrder"":1,""id"":250},{""originalText"":""ตะแต๊ก ตะแต๊ก ตะแต๊ก ไม่เป็นไรถ้าเธอจะกระโดดขึ้นหรือนั่งลง"",""sortOrder"":2,""id"":251},{""originalText"":""ตึกตะตึก ตึกตะตึก ขอแค่เธอสนุกกับมัน"",""sortOrder"":3,""id"":252},{""originalText"":""..."",""sortOrder"":4,""id"":253},{""originalText"":""..."",""sortOrder"":5,""id"":254},{""originalText"":""..."",""sortOrder"":6,""id"":255},{""originalText"":""..."",""sortOrder"":7,""id"":256},{""originalText"":""..."",""sortOrder"":8,""id"":257},{""originalText"":""..."",""sortOrder"":9,""id"":258},{""originalText"":""..."",""sortOrder"":10,""id"":259},{""originalText"":""..."",""sortOrder"":11,""id"":260}]},{""image"":{""id"":136},""sortOrder"":12,""id"":125,""storyBookParagraphs"":[{""originalText"":""แก็บปูเต้นเป็นแล้ว และพวกเธอก็ต้องเต้นได้เหมือนกัน"",""sortOrder"":0,""id"":261},{""originalText"":""..."",""sortOrder"":1,""id"":262}]}]"
12,นิทานคำกลอน มดจอมขยัน,นิทานคำกลอน มดตัวยุ่ง สนุกกับเรื่องราวของเจ้ามดน้อย ในรูปแบบนิทานคำกลอน,CREATIVE_COMMONS_CC_BY,https://storyweaver.org.in/en/stories/30014-nitan-kam-klon-mod-jom-kayan,LEVEL1,137,"[{""image"":{""id"":138},""sortOrder"":0,""id"":126,""storyBookParagraphs"":[]},{""image"":{""id"":139},""sortOrder"":1,""id"":127,""storyBookParagraphs"":[{""originalText"":""สวัสดี ฉัน คือ มด น้อย"",""sortOrder"":0,""id"":263},{""originalText"":""ตัว จ้อย เดิน กัน เป็น แนว"",""sortOrder"":1,""id"":264},{""originalText"":""เธอ เห็น ฉัน ไหม ใน แถว"",""sortOrder"":2,""id"":265},{""originalText"":""ใช่ แล้ว ตัว ที่ สี่ ไง"",""sortOrder"":3,""id"":266}]},{""image"":{""id"":140},""sortOrder"":2,""id"":128,""storyBookParagraphs"":[{""originalText"":""ซ้าย ขวา ซ้าย ขวา ซ้าย ขวา"",""sortOrder"":0,""id"":267},{""originalText"":""เดิน มา เดิน มา เดิน ไป"",""sortOrder"":1,""id"":268},{""originalText"":""เป็น แถว เป็น แนว ใช่ ไหม"",""sortOrder"":2,""id"":269},{""originalText"":""เงียบ เงียบ เดิน ไป ด้วย กัน"",""sortOrder"":3,""id"":270}]},{""image"":{""id"":141},""sortOrder"":3,""id"":129,""storyBookParagraphs"":[{""originalText"":""ฉันมี ความคิด อันหนึ่ง"",""sortOrder"":0,""id"":271},{""originalText"":""สิ่งซึ่ง ทำได้ เร็วพลัน"",""sortOrder"":1,""id"":272},{""originalText"":""หาล้อ ใช้เดิน สักอัน"",""sortOrder"":2,""id"":273},{""originalText"":""เดินเร็ว กว่ากัน ทันใด"",""sortOrder"":3,""id"":274}]},{""image"":{""id"":142},""sortOrder"":4,""id"":130,""storyBookParagraphs"":[{""originalText"":""พวกเรา ไม่ส่ง เสียงดัง"",""sortOrder"":0,""id"":275},{""originalText"":""เหมือนสัตว์ ทั้งหลาย ทั่วไป"",""sortOrder"":1,""id"":276},{""originalText"":""กลิ่นคือ ภาษา สื่อให้"",""sortOrder"":2,""id"":277},{""originalText"":""เข้าใจ โดยไม่ ใช้เสียง"",""sortOrder"":3,""id"":278}]},{""image"":{""id"":143},""sortOrder"":5,""id"":131,""storyBookParagraphs"":[{""originalText"":""มีกลิ่น บางอย่าง บอกว่า"",""sortOrder"":0,""id"":279},{""originalText"":""เดินมา ที่นี่ มีเลี้ยง"",""sortOrder"":1,""id"":280},{""originalText"":""อาหาร มากมาย รายเรียง"",""sortOrder"":2,""id"":281},{""originalText"":""มาขน เสบียง ช่วยกัน"",""sortOrder"":3,""id"":282}]},{""image"":{""id"":144},""sortOrder"":6,""id"":132,""storyBookParagraphs"":[{""originalText"":""มีกลิ่น บางอย่าง บอกว่า"",""sortOrder"":0,""id"":283},{""originalText"":""อันตราย อย่าไป ที่นั่น"",""sortOrder"":1,""id"":284},{""originalText"":""ยาพิษ หรือน้ำ พวกมัน"",""sortOrder"":2,""id"":285},{""originalText"":""สุดแสน อันตราย ถึงตาย"",""sortOrder"":3,""id"":286}]},{""image"":{""id"":145},""sortOrder"":7,""id"":133,""storyBookParagraphs"":[{""originalText"":""ฉันชอบ กินเค้ก ของหวาน"",""sortOrder"":0,""id"":287},{""originalText"":""น้ำตาล หลอกล่อ น้ำลาย"",""sortOrder"":1,""id"":288},{""originalText"":""หวานหวาน น้ำตาล มากมาย"",""sortOrder"":2,""id"":289},{""originalText"":""กินแล้ว สบาย มีแรง"",""sortOrder"":3,""id"":290}]},{""image"":{""id"":146},""sortOrder"":8,""id"":134,""storyBookParagraphs"":[{""originalText"":""เห็นไหม กล้ามแขน ของฉัน"",""sortOrder"":0,""id"":291},{""originalText"":""พวกมัน สุดยอด แข็งแรง"",""sortOrder"":1,""id"":292},{""originalText"":""ของใหญ่ แบกได้ ใครแย้ง"",""sortOrder"":2,""id"":293},{""originalText"":""ฉันจะ แสดง ให้ดู"",""sortOrder"":3,""id"":294}]},{""image"":{""id"":147},""sortOrder"":9,""id"":135,""storyBookParagraphs"":[{""originalText"":""ไม่มี ปัญหา ทางไหน"",""sortOrder"":0,""id"":295},{""originalText"":""ประตู ปิดไว้ ฉันรู้"",""sortOrder"":1,""id"":296},{""originalText"":""ช่องทาง ลอดได้ ตามรู"",""sortOrder"":2,""id"":297},{""originalText"":""รอยแตก คือลู่ ทางเดิน"",""sortOrder"":3,""id"":298}]},{""image"":{""id"":148},""sortOrder"":10,""id"":136,""storyBookParagraphs"":[{""originalText"":""เชื่อไหม ในรัง ของฉัน"",""sortOrder"":0,""id"":299},{""originalText"":""อยู่ด้วย ช่วยกัน เพลิดเพลิน"",""sortOrder"":1,""id"":300},{""originalText"":""มากมาย หลายแสน หรือเกิน"",""sortOrder"":2,""id"":301},{""originalText"":""เชื้อเชิญ ให้มา เที่ยวชม"",""sortOrder"":3,""id"":302}]},{""image"":{""id"":149},""sortOrder"":11,""id"":137,""storyBookParagraphs"":[{""originalText"":""คำตรงกันข้าม"",""sortOrder"":0,""id"":303},{""originalText"":""เล็ก <-> ใหญ่"",""sortOrder"":1,""id"":304},{""originalText"":""ช้า <-> เร็ว"",""sortOrder"":2,""id"":305},{""originalText"":""สั้น <-> ยาว"",""sortOrder"":3,""id"":306},{""originalText"":""ผอม <-> อ้วน"",""sortOrder"":4,""id"":307},{""originalText"":""แข็ง <-> อ่อน"",""sortOrder"":5,""id"":308}]}]"
13,บีม่า เจ้าลาขี้เซา,เจ้าลาบีม่า มีปัญหาทุกเช้าเหมือนเราทุกคน มันตื่นเช้าไม่ไหว แต่เพื่อนๆของมันช่วยบีม่าได้ อยากรู้มั้ยว่าทำยังไง,CREATIVE_COMMONS_CC_BY,https://storyweaver.org.in/en/stories/17401-bheema-jhew-la-khee-sow,LEVEL1,150,"[{""image"":{""id"":151},""sortOrder"":0,""id"":138,""storyBookParagraphs"":[]},{""image"":{""id"":152},""sortOrder"":1,""id"":139,""storyBookParagraphs"":[{""originalText"":""บีม่า ชอบนอนมากๆ และมันมักจะตื่นตอนเช้าไม่ไหว"",""sortOrder"":0,""id"":309},{""originalText"":""บีม่า ชอบนอนมากๆ และมันมักจะตื่นตอนเช้าไม่ไหว"",""sortOrder"":1,""id"":310}]},{""image"":{""id"":153},""sortOrder"":2,""id"":140,""storyBookParagraphs"":[{""originalText"":""﻿อยู่มาวันหนึ่ง เจ้าวัวชื่อ กาอูรี่ ได้ถามบีม่าว่า \u201cทำไมเจ้าดูโศกเศร้าจังเลย\u201d"",""sortOrder"":0,""id"":311},{""originalText"":""บีม่าตอบว่า \u201cข้าตื่นตอนเช้าไม่ไหว และรามูก็ตะโกนต่อว่าข้าทุกวัน เจ้าช่วยปลุกข้าให้ตื่นทุกเช้าได้ไหม\u201d"",""sortOrder"":1,""id"":312},{""originalText"":""\u201cได้เลย\u201d เจ้ากาอูรี่ตอบ"",""sortOrder"":2,""id"":313},{""originalText"":""เช้าตรู่วันต่อมา เจ้าวัวกาอูรี่ร้อง \u201cมู มู\u201d ด้วยเสียงดัง แต่เจ้าบีม่าก็ไม่ตื่น"",""sortOrder"":3,""id"":314}]},{""image"":{""id"":154},""sortOrder"":3,""id"":141,""storyBookParagraphs"":[{""originalText"":""หลังกลับมาจากแม่น้ำในตอนเย็น บีม่าได้มาเจอเจ้าหมาน้อยชื่อ โมติ"",""sortOrder"":0,""id"":315},{""originalText"":""\u201cข้าไม่สามารถตื่นเช้าให้ตรงเวลาได้เลย เจ้าช่วยปลุกข้าได้ไหม\u201d บีม่าถามโมติ"",""sortOrder"":1,""id"":316},{""originalText"":""\u201cได้เลย ข้าจะปลุกเจ้าให้\u201d โมติบอก"",""sortOrder"":2,""id"":317}]},{""image"":{""id"":155},""sortOrder"":4,""id"":142,""storyBookParagraphs"":[{""originalText"":""﻿ในคืนวันนั้น บีม่าได้เจอไก่น้อยชื่อ ชีนู"",""sortOrder"":0,""id"":318},{""originalText"":""มันบอกกับชีนูว่า \u201cในตอนเช้า เมื่อเจ้าขันแล้วทุกคนจะตื่น เจ้าช่วยปลุกข้าด้วยได้ไหม\u201d"",""sortOrder"":1,""id"":319},{""originalText"":""ชีนูตอบตกลง เช้าวันต่อมา ชีนูขันเสียงดังและนาน แต่บีม่ายังคงไม่ตื่น"",""sortOrder"":2,""id"":320}]},{""image"":{""id"":156},""sortOrder"":5,""id"":143,""storyBookParagraphs"":[{""originalText"":""﻿เย็นวันต่อมา บีม่าเห็นอีกาชื่อ คารู ส่งเสียงร้องอย่างมีความสุข"",""sortOrder"":0,""id"":321},{""originalText"":""\u201cคารู เจ้าช่วยปลุกข้าแต่เช้าตรู่ได้ไหม\u201d บีม่าถาม"",""sortOrder"":1,""id"":322},{""originalText"":""คารูบอกว่า \u201cทำไมจะไม่ได้ล่ะ ข้าจะร้องปลุกเจ้าให้ตื่น\u201d"",""sortOrder"":2,""id"":323},{""originalText"":""เช้าวันต่อมา คารูร้องดังที่สุดเท่าที่มันทำได้ แต่บีม่าก็ไม่ตื่นเหมือนเดิม"",""sortOrder"":3,""id"":324}]},{""image"":{""id"":157},""sortOrder"":6,""id"":144,""storyBookParagraphs"":[{""originalText"":""บีม่าจึงเศร้าใจมาก"",""sortOrder"":0,""id"":325},{""originalText"":""เช้าวันต่อมา มีแมลงวันตัวหนึ่งมาเกาะที่จมูกบีม่า"",""sortOrder"":1,""id"":326}]},{""image"":{""id"":158},""sortOrder"":7,""id"":145,""storyBookParagraphs"":[{""originalText"":""﻿\u201cว้าว! ข้าตื่นแล้ว ข้าตื่นมาได้อย่างไรนี่\u201d บีม่าถามตัวเอง"",""sortOrder"":0,""id"":327},{""originalText"":""\u201cข้าทำให้เจ้าตื่นได้เอง\u201d เจ้าแมลงวันพูด \u201cเจ้าปลุกข้าตื่นแบบนี้ทุกๆ เช้าได้ไหม\u201d บีม่าถาม"",""sortOrder"":1,""id"":328},{""originalText"":""\u201cแน่นอน\u201d เจ้าแมลงวันตอบ"",""sortOrder"":2,""id"":329},{""originalText"":""บีม่าดีใจมาก ต่อไปนี้มันจะไม่มีปัญหาเรื่องตื่นเช้าอีกแล้ว"",""sortOrder"":3,""id"":330}]}]"
